親番号,子番号,施設名称,電話番号,〒,住所,経度,緯度,営業時間,定休日,店舗URL,施設説明文
300001,1,特別史跡 一乗谷朝倉氏遺跡,0776-41-2330,910-2153,福井市城戸ノ内町28-37,136.293101,35.997632,9:00～17:00(入館は16:30まで),無休（12月28日から1月4日のみ休館）,https://www.fuku-e.com/spot/detail_1002.html,"一乗谷朝倉氏遺跡は福井市街の東南約１０キロにあり戦国時代朝倉氏五代の城下町の跡がそっくり埋もれていました。京都の金閣寺や広島の厳島神社に並び国の三重指定（特別史跡・特別名勝・重要文化財）を受ける大変貴重な遺跡となっています。栄華を極めた城下町の街並みをほぼ完全な姿で再現しており当時の衣装に着替えて戦国時代にタイムスリップしたような感覚になります。毎年８月には「越前朝倉万灯夜」「越前戦国まつり」を同時開催し、迫力ある火縄銃の砲煙を見ることができ夜には約15,000個をこえるキャンドルの灯で幻想的な雰囲気になります。"
300001,2,道の駅 一乗谷あさくら水の駅,0776-41-2777,910-2151,福井市安波賀中島町1-1-1,136.294602,36.020332,物産・情報コーナー　9:00～18:00、飲食コーナー　10：00～17：00（10:00～11:00モーニングタイム、16:00ラストオーダー）,年末年始・メンテナンスお休み,https://asakura-mizunoeki.com/,「人」と「水」との深いかかわりをコンセプトにした、道の駅「一乗谷あさくら水の駅」が平成27年4月4日（土）にオープンしました。福井名物「越前おろしそば」を味わえるほか、オリジナルのファーストフードや、地場産農産物や加工品（福井市認定加工品）などを販売しています。ビオトープではホタルの飼育を行っており、6月頃には、ホタルが美しく飛び交う姿を観賞することが出来ます。また、ふれあい情報館では、農業や生きものなどの展示物に加え、ゲーム感覚で学べる体験型展示物があり、一乗周辺の観光情報なども発信しています。
300001,3,福井県立一乗谷朝倉氏遺跡資料館,0776-41-2301,910-2152,福井市安波賀町4-10,136.299034,36.015309,,9月30日まで休館,,
300001,4,一乗谷レストラント,0776-97-5335,910-2153,福井市城戸ノ内町10-48,136.298017,36.003295,11:00～15:00(LO14:30)、冬季11:30～15:00,火曜、水曜,https://www.asakura-fukui.com/,"ここでしか味わえない料理を。
イノベーティブ・フュージョン
戦国時代、この地を100有余年も支配した朝倉氏。

文化人である朝倉氏の自治によって町は潤い、「小京都」と呼ばれるほどの栄華を誇っていました。

​

その地が1573年、織田信長に滅ぼされて以降、長い年月を経てそのまま土砂や田畑に埋もれたままとなり、1967年以降の発掘によって、ここだけがまるで時が止まっていたかのような、当時を彷彿とさせる素晴らしい遺跡が現代によみがえったのです。

​

この空間で、古のロマンに思いを馳せながら、現代に息づくこの地の食材に舌鼓。
田舎ならでは、このゆっくりと流れる贅沢なひとときをお愉しみください。"
300002,1,越前水仙の里公園,0776-89-2381,910-3555,福井市居倉町43-25,135.991022,36.012815,9:00～17:00,年末年始（12／29～1／1）,https://www.city.fukui.lg.jp/kankou/kankou/sisetu/echizensuisennosatokouen.html,"本海の雄大な景色を眺めながら、公園芝生でくつろぎ、
また越廼地区が発祥地と云われる越前水仙が栽培展示されている
水仙コーナーを中心とした水仙ドームにおいて、
水仙の花と香りを年間を通じて存分に楽しむことができます。"
300002,2,越前水仙の里　波の華温泉,0776-89-7387,910-3553,福井市蒲生町1-94,136.010129,36.03751,10:00～21:00(最終受付20:30),毎週火曜日,https://naminohana-onsen.jp/,"雄大な日本海の紺碧の海原と、その海を黄金に染める夕日が、心に残る美しい景色を見せてくれます。
この贅沢な眺望の中で、天然温泉の優しいぬくもりが疲れたからだをゆっくりと癒してくれます。"
300002,3,café MARE,0776-88-2323,910-3404,福井県福井市大丹生町70-3,136.025233,36.076421,10:00～19:00,年中無休,https://cafemare.jp/,"365日、日々移り行く自然の中で、
お客様自身が何かを感じ、
それぞれのストーリーを楽しんで頂きたい
と願っております。
『ここから始まる物語』=MARE記念日
ここでしか感じることのできない時
ここでしか感じることができない時間
唯一無二の体験を、大切な方と…"
300002,4,魚屋の喰い処まつ田,0776-89-2740,910-3553,福井県 福井市蒲生町16-7-1,136.010353,36.03244,11:00～16:00(LO15:00),木曜日(【11月～3月】は、無休),https://etizenkani.jp/,"本場の越前がにをはじめ、
地元定置網で捕れるピチピチの鮮度の魚にこだわりにこだわっております。
 刻々と移り行く旬を見極め「一瞬（旬）」をお客様に提供できるよう日々精進いたしております。"
300002,5,ワタリグラススタジオ,0776-88-2025,910-3402,福井市鮎川町 17-14,136.034764,36.098832,9:00～17:00,水曜日（火曜日はショップのみ営業）,https://watariglass.com/,"福井県福井市、越前海岸。海と山に囲まれた小さな町の手作りのガラス工房、ワタリグラススタジオ。
日常の中に美しさを見つけ、それをガラスに映そうと、日々制作をしています。
工房にはショップやテラスがあり、開かれた工房を目指しています。工房見学や制作体験も受け付けています。"
300002,6,ごーる堂ソフトクリーム直売店,0776-97-2125,910-3517,福井市畠中町28-6,136.04612,36.040018,夏季10:00~18:00　冬季10:00~17:00,夏季　毎週木曜日、冬季　水木金,http://www.gojiru.jp/,"カラダにやさしいココロにおいしい
乳・卵は一切使用しない１００％植物性ソフトクリームが自慢です！
乳・卵アレルギーの方にも楽しめます！
おススメの「きなこソフト」は、国産豆乳をベースにきな粉と白胡麻ペーストを加え仕上げています。
きな粉は、福井県産大豆をじっくり深めに焙煎してあるため、豊かな香ばしさが特徴になっています。
乳を使用しなくても、クリーミーで濃厚な味わいがあります。
大豆の素晴らしさ、パワーを伝承していくためにこれからもお店から発信していく想いです。"
300003,1,ガラガラ山キャンプ場,0776-89-2180,910-3556,福井市赤坂町66-84,135.9865678,36.00266319,"宿泊：コテージ　15:00～翌10:00
　　　テント　　12:00～翌10:00
日帰り：　　　　  9:00～17:00",ー,https://garagarayama.com/,越前海岸沿いに位置する、自然の恵みをたっぷり吸い込んだ絶好のリゾート地。杉小立の間から真っ青な海を望み、生命感に満ちた緑に囲まれたキャンプ場で、贅沢なアウトドアライフが楽しめます。また、大型犬から小型犬まで自由に遊ぶことができるドッグランも。かわいいワンちゃんと一緒に自然を満喫してみませんか。
300004,1,JR福井駅,0776-84-2640,,,136.223175,36.061864,,,,
300004,2,ハピリンモール（１F）,0776-20-2020,910-0006,福井県福井市中央1丁目2番1号 ハピリン2階　管理事務所,136.222073,36.061623,7:00～23:00,"年中無休
",http://www.happiring.com/,ＪＲ福井駅を出てすぐにある複合施設「ハピリン」。福井市観光物産館「福福館」やお土産・ギフト専門店「かがみや」など、福井のお食事やお土産が楽しめます。
300004,3,くずし割烹 ぼんた 福井駅前店,0776-43-0997,910-0006,福井県福井市中央1丁目2番1号　ハピリン内,136.222073,36.061623,11：30～23：00（L.O お食事 22：00/お飲み物 22：30),"年中無休
",http://bonta.co.jp/kuzushi-cyuuou/shopinfo/,くずし割烹 ぼんたはJR福井駅直結のロケーション。福井に来たときも、帰るときも、お立ち寄りいただけます。 会食でゆっくりお過ごしいただくことも、ふらっと立ち飲み感覚でご利用いただくこともできます。 ぜひ、福井の魅力が凝縮された割烹メニューをお試しください。
300004,4,福福館,0776-34-7150,910-0006,福井市中央1丁目2番1号　ハピリン2階,136.222073,36.061623,"福福館　 10：00～22：00
福福茶屋（飲食）11：00～22：00（L.O.21:00）
福福小屋（施設予約）10：00～17：00","年中無休
",https://www.fukubukukan.com/,"ここに来れば福井がわかる!

ふるさと福井の観光情報はもちろん、福井県内の優れた商品販売を行っております。"
300004,5,おそばだうどんだ越前,0776-36-3536,910-0006,福井県福井市中央1-1-1 JR福井駅プリズム福井内,136.223365,36.062157,10:45～20:30,"年中無休
",https://osobada-udonda-etizen.com/,福井駅から直結のプリズム福井内はあります。福井の美味しさといえば「おろしそば」。 さっぱりとした口当たり、ツンとくる辛み。400年前、この美味しさが福井に誕生しました。 当店のおろしそばは伝統の２皿盛り。 おそばをより美味しく召し上がっていただくためのちょっとしたこだわりです。 そして、福井でしか味わえないもうひとつの美味しさが「ソースカツ丼」。秘伝のソースとサクッと揚がったカツ、ふたつの旨味が口の中でハーモニーを奏でます。 知る人ぞ知る”カツ王国福井”の名に恥じないクオリティ。当然、醤油カツ丼（通称 SK）もメニューにございます。 さらに、器は福井の伝統工芸品、日本六古窯のひとつ「越前焼き」を使用。 舌にも、目にも、心にも、福井の美味しさと伝統を。 駅を降りたら、まず一番にお愉しみください。お一人様でもお気軽にどうぞ。
300004,6,越前田村屋プリズム店,0776-27-7001,910-0006,福井県福井市中央１丁目1-25,136.2229,36.061457,8:30～19:00,"年中無休
",https://www.prism-fukui.com/tenantinfo/%E8%B6%8A%E5%89%8D%E7%94%B0%E6%9D%91%E5%B1%8B/,福井の海産物や焼き鯖寿司の製造販売をしている「越前田村屋」は、越前蟹・鯖のへしこ・魚の一夜干など福井の名産品も豊富に取り揃えている。「焼き鯖寿司」は、土産物品評会で県知事賞を受賞した逸品。福井駅のショッピングセンター「プリズム」に入っている「プリズム福井店」はアクセスも良い
300004,7,福井駅番匠プリズム店,0776-22-8847,910-0006,福井県福井市中央１丁目1-25,136.2229,36.061457,8:30～19:00,"年中無休
",http://www.banjyo.jp/store/,福井の海の幸を使用した、小鯛のささ漬、かまぼこ、へしこなど特産品を数多く取り揃えています。また、花らっきょ、梅干、そば、ごまどうふなど福井の山の幸を味わえる名産品も多数ございます
300004,8,えちぜん鉄道福井駅（福井駅インフォメーションカフェたびのは）,0776-52-7788,910-0006,福井県福井市中央１丁目1-1-3,136.222289,36.061633,5:45～23:15,"年中無休
",https://good-mo.com/works/tabinoha/,"えちぜん鉄道　福井駅構内にあるスペース

information cafe たびのは のロゴデザイン

 

 

植物が育って枝葉をつけていくように、

えちぜん鉄道のはじまり、福井駅から

たくさんの葉が芽吹いて大きく広がっていきますように。

 

たびのはじまり

たびのはっけん

たびのはてな

たびのはじはかきすて

たびのはじめまして

たびのハロー

・・・"
300004,9,福井市観光案内所,0776-20-5151,910-0006,福井県福井市中央1丁目2番1号　ハピリン内,136.222073,36.061623,8:30～19:00,"年中無休
",http://www.happiring.com/floor/detail.php?cd=1,"ウェルカムセンター(福井市観光案内所)では、福井市内外の観光情報を提供する他、福井鉄道・京福バスの交通切符の販売、宿泊先への手荷物配送(※)など、ワンストップサービスを提供します。
また、雨具や車椅子(無料)、電動アシスト付き自転車(有料)のレンタルも行っております"
300005,1,名勝 養浩館庭園,0776-20-5367,910-0004,福井市宝永3丁目11-36,136.2243137,36.0689409,"9：00～19：00（3月1日～11月5日）*ただし入館は18：30まで
9：00～17：00（11月6日～2月末日）*ただし入館は16：30まで",無休。ただし年末年始（12月28日～1月4日）を除く。,http://fukuisan.jp/ja/yokokan/index.html,"養浩館は福井藩主松平家の別邸で、江戸時代には「御泉水屋敷（おせんすいやしき）」と称されていました。庭と密接な関連の基に建造された池の周囲の書院建築の数々と、広大清澄な園池を主体とした回遊式林泉庭園（かいゆうしきりんせんていえん）は江戸中期を代表する名園の一つとして広く知られていました。
　福井大空襲で建造物が焼失しましたが、昭和57年に国の名勝に指定されたことが契機となって、文政6年の「御泉水指図」により近年、整備が行われました。現在では、建造物・池だけでなく玉砂利・石組・樹木も四季折々に風趣が漂い、庭園の趣を楽しめます。"
300005,2,宝永旅館,0776-22-5204,910-0004,福井県福井市宝永３丁目７−１,136.223669,36.067681,-,年中無休,http://www.houei-ryokan.jp/,福井駅から歩いて10分。ビジネス、合宿、長期滞在に適しており、女将の家庭的なおもてなしと福井出身の板場が作る、本格福井の味が自慢の旅館です。
300005,3,福井市立郷土歴史博物館,0776-21-0489,910-0004,福井市宝永3丁目12-1,136.222883,36.068295,"午前9時～午後7時 （11月6日から2月末日までは午後5時閉館)
※入館は閉館時間の30分前","午前9時～午後7時 （11月6日から2月末日までは午後5時閉館)
※入館は閉館時間の30分前",http://www.history.museum.city.fukui.fukui.jp/,平成15年3月、養浩館の西隣に新設。館外展示「福井城舎人門遺構」の中を歩くことができます。また福井城本丸や九十九橋の模型を常設展示しており、江戸時代の衣服や道具を体験できる「へんしん越前屋」などで、楽しみながら歴史を学ぶことができます。
300006,1,東尋坊,0776-82-5515,,坂井市三国町東尋坊,136.125742,36.237397,東尋坊散策は24時間いつでも自由です,なし,https://www.fuku-e.com/spot/detail_1476.html,荒々しい岩肌の柱状節理が延々と1kmに渡って続く勇壮そのものの東尋坊は、国の名勝・天然記念物に指定されています。なかでも岸壁の高さが20メートル以上に及ぶ大地の断崖は勇壮というより壮絶で、日本海の荒波が打ち寄せる姿は恐ろしいほどの迫力です。遊覧船ではライオン岩、ろうそく岩など自然の造形が目を楽しませてくれます。
300006,2,坂井市東尋坊観光交流センター,0776-82-1555,913-0064,坂井市三国町安島64-1-166,136.128824,36.236393,8:30〜17:00,年末年始　12月29日から1月3日,https://www.city.fukui-sakai.lg.jp/kankou/kanko-bunka/kanko/annaijo/tojinbo-kanko.html,"坂井市の観光情報が満載。東尋坊観光交流センター。
東尋坊商店街の空き店舗を改装し、23年4月29日にオープンした、東尋坊観光交流センター。観光情報や市の特産物が展示されているほか、坂井市の旬なイベント情報など、楽しい旅のお手伝いをご提供します。"
300006,3,"東尋坊商店街
各店舗",0776-81-3808,913-0064,福井県坂井市三国町安島６４−１,136.128824,36.236393,8:30〜17:00（季節や店舗で営業時間が異なりますのでご注意ください。）,年末年始　12月29日から1月3日,https://www.city.fukui-sakai.lg.jp/kankou/kanko-bunka/kanko/shizen/tojinbo.html,東尋坊商店街は、東尋坊の崖の前まで約300mにわたって続く商店街です。新鮮な海の幸を味わえる飲食店や、お土産処などが軒を連ねており、イカやホタテ、つぶ貝などの浜焼きが店頭で行われ、その香りについつい引き寄せられてしまいます。
300006,4,IWABA CAFÉ,0776-81-7080,913-0064,福井県坂井市三国町安島64-1-9,136.127936,36.236631,10:00〜日没まで（ラストオーダーは30分前）,4月~9月不定休、10月〜3月火曜（荒天時は閉店する場合あり）,https://www.instagram.com/iwaba188/,福井県の観光名所、東尋坊にあるカフェです。目の前に東尋坊の岩場と日本海を一望でき、景観とコーヒー、お食事を楽しめる店となっております。感染症予防の取組を実施し、安心安全にご飲食していただけます。
300007,1,芝政ワールド,0776-81-2110,913-0005,坂井市三国町浜地45-1,136.178639,36.250053,10:00～17:00　夏季は～22:00,詳しくはＨＰをご確認ください,http://www.shibamasa.com/,日本海に面した広大な敷地で数々のアトラクションを楽しめる一大テーマパーク。特に夏にオープンする日本最大級のスケールを誇るプールには関西や中京から多数の観光客が訪れる。季節ごとにマラソンなどのイベントを開催しているほか、オートキャンプ場や屋内イルミネーションなど、年間を通して幅広く楽しむことができる。
300008,1,丸岡城,0776-66-0303,910-0231,坂井市丸岡町霞町1丁目59,136.272103,36.152345,8時30分～17時（入場券販売は16時30分まで）,年中無休,https://maruoka-castle.jp/,丸岡城は、戦国時代の天正4年（1576）に柴田勝家の甥、勝豊によって築かれました。天守（国指定重要文化財）は外観は二層、内部は三階の独立式望楼型天守です。石垣は”野づら積み”という古い方式で、すき間が多く粗雑な印象ながら排水がよく大雨に崩れる心配がないといわれています。また、とくに春は日本さくら名所100選にも認定された約400本のソメイヨシノが霞ヶ城の別名にふさわしく古城に美しさをそえます。
300008,2,一筆啓上茶屋,0776-66-5880,910-0231,坂井市丸岡町霞町３丁目１−３,136.273432,36.152786,午前9時から午後6時（そば営業午前10時30分から午後5時　ただし、火曜日のそば営業は、午後2時まで）,年末年始,http://chaya.jp/,"一筆啓上賞の町丸岡の観光拠点。一筆啓上茶屋の写真
日本一短い手紙一筆啓上賞で全国に知られる丸岡は、現存１２天守の１つであり、城下の霞ケ城公園にある一筆啓上茶屋は、丸岡産のそば粉を使った越前おろしそばを味わうことができ、坂井市の特産品の販売も行っています。また、併設する観光情報センターでは、坂井市内の観光情報、公共交通の案内などを提供しています。"
300009,1,花の駅 ゆりの里公園,0776-58-0100,919-0483,坂井市春江町石塚21-2-3,136.188185,36.148626,9：00~21：30（ゆりいち、Café Lilyはお問合せ下さい）,火曜(６月は無休),http://www.yurinosato.com/,ユリを中心とした夢ある施設で、毎年6月には色とりどりのユリの花が咲き誇り、ユリを愛でるイベント「ゆりフェスタ」が開催されます。園内には、農産物直売「ゆりいち」やレストラン「朝採りたまごダイニング Lily」があり、坂井市のきれいな水で作られた農作物を味わいいただけます。また、夜間にはイルミネーションやプロジェクションマッピングが訪れた人を魅了し、年間通して楽しめる施設です。
300009,2,朝採りたまごダイニング Lily,0776-43-1380,919-0483,坂井市春江町石塚21-2-3,136.188185,36.148626,9:30〜17:00（L.O：16:30）,火曜日,https://teto-tewo.com/cafe.html,"平飼いのにわとり農家が営む、ゆっくりと美味しい時間を過ごせるお店
愛情を込め、健康で幸せに育っているにわとりさんたち。そんな風に育つ卵やお肉の美味しさを皆さんにきちんと届けたい。

また美味しく食べることを通して、のびのびと、いきいきと、元気にたくましく育っているにわとりさん達のことや、 こんな農業があるんだってことを知ってもらいたくて、にわとり農家がごはん屋さんをはじめました。"
300009,3,ICHIGOOJI,080-3747-5111,919-0483,福井県坂井市春江町石塚20字2,136.185434,36.148494,9:00～15:00、ナイト18:00～20:00,火、木,https://www.ichigooji.com/,"『ICHIGOOJI』のハウスが並んでいるのは、のどかな田園風景が広がる福井県坂井市春江町石塚地区。ユリの名所としても知られる『ゆりの里公園』のすぐそばです。食べた人が笑顔になるような、こころトキメクおいしさを、日々追求しています。

農園として美味しい苺を提供するだけでなく、ハウス内で体験型のイベントを開催するなど、この地域に住んでいる方をはじめ、いろんな人たちの交流が生まれるコミュニティスペースになればと思っています。"
300010,1,道の駅みくに ふれあいパーク三里浜,0776-82-3339,913-0032,坂井市三国町山岸67-3-1,136.139124,36.189848,物産館9：00~18：00レストラン11：00～16：00,"11月～3月（月に2回水曜）
祝日等により変更の場合がございます。",http://www.hitwave.or.jp/sanri/,三里浜で収穫された産地直送の野菜や果実の直接販売、地元の素材を生かした飲食メニュー、そして特産らっきょうの資料館などなど。ドライブに疲れたらちょっと立寄って、フレッシュな自然に触れて心も体もリフレッシュしてください。
300011,1,あわら温泉,0776-77-1877（観光案内所おしえる座ぁ）,,福井県あわら市,136.1918234,36.2237113,-,-,https://yukemuri.jp/awaratteru/index.html,"福井県の代表的な温泉街。
明治16年の開湯以来、たくさんのお客様をお迎えしてきたあわら温泉は、「関西の奥座敷」と呼ばれるほど風雅な温泉まちです。多くの文人墨客に愛されてきたあわらの風情と情緒は、今もそのもてなしの心の中に生き続けています。
また、源泉が74本あり、旅館ごとに温泉の泉質や効能が異なるのも特徴です。

市内をお得にを楽しみたいときは、「ランチ・スイーツめぐりクーポン」をぜひご利用ください。クーポン券をお買い求めいただくことで、ランチやスイーツ・温泉たまごづくり体験をお楽しみいただける他、日帰り入浴の割引券などもついてきます！"
300011,2,芦原温泉旅館協同組合,0776-77-2040,910-4105,あわら市舟津第48号19番地１,136.189772,36.2258,-,-,https://www.awara-onsen.org/,"閑静な田園に宿が整然と建ち並ぶ温泉街・あわら温泉。
あわら温泉の開湯は明治十六年、
「関西の奥座敷」としてお客様に親しまれており、
年間百万人を越す浴客が訪れる福井屈指の温泉です。源泉は七十四本。お湯の共同管理をせず
各宿泊施設がそれぞれ源泉を所有しているため、
同じ温泉街の中でも宿ごとに少しずつ異なる泉質を
お楽しみいただけます。"
300011,3,カメハメハ大農場の農家カフェ＆スイーツ,080-6359-5633,910-4104,あわら市温泉1丁目210,136.193155,36.224243,12:00～18:00,火、水、木（但し移動カフェ出店時に臨時休業する場合があります。）,https://kamehamehafarm.jimdofree.com/,"カメハメハ大農場は、あわら産大豆のおからや米ぬかなどを使った手作りの有機肥料を施し、
メロン、スイカ、トマトなど旬の野菜やくだものをハウス栽培しています。

特に樹上完熟収穫にこだわり野菜果物本来のおいしさを提供しています。
また、これらの収穫物を利用し、
「カメハメハ大農場の農家カフェ（移動カフェ）」ではスムージーや野菜カレーなどを出張販売しています。（不定期）"
300011,4,セントピアあわら,0776 -78-4126,910-4104,あわら市温泉４丁目305,136.193691,36.224751,10:00～22:00,毎週火曜,https://awara-saintpia.com/,"たくさんの提灯で装飾された館内は、 懐かしく、心安らぐあわらの風情を醸し出しています。
イベントホールや、売店、レストラン、休憩所、会議しなど多くの施設がございます"
300011,5,芦湯,0776-78-6767,910-4104,あわら市温泉１丁目２０３,136.1936262,36.2232089,7:00～23:00,年中無休,http://awara.info/,温泉街の中心にあるあわら温泉湯のまち広場内に、福井県産の笏谷石（しゃくだにいし）をふんだんに使用した、総ひのき造りの北陸一上質な足湯があります。三種類の足湯を源泉かけ流しで、５つの浴槽で楽しむことができ、夜には、窓にはめ込んであるステンドグラスや足湯全体がライトアップされ、幻想的な雰囲気を味わうことができます。
300011,6,あわら温泉屋台村 湯けむり横丁,0776-77-1877,910-4104,あわら市温泉３丁目２０１,136.1905744,36.2251818,"11:30～14:00、17：00～24:00
※お店によって違いますので、ホームページでご確認ください。",※お店によって定休日が違いますので、ホームページでご確認ください。,https://yukemuriyokocho.com/,あわら温泉湯のまち広場内にあるノスタルジックな赤提灯が目印の屋台村。ラーメンや鉄板焼き、フレンチなど様々なジャンルの約10軒のお店が軒を連ねて自慢の味を提供しています。
300012,1,金津創作の森,0776-73-7800,919-0806,あわら市宮谷57-2-19,136.261407,36.230502,美術館アートコア10:00～17:00　ほか施設により異なる,月曜日（祝日の場合は開館、翌平日休館）、年末年始,http://sosaku.jp/,金津創作の森は、自然とのハーモニーの中で、心を動かし創る喜びを体感する人々のコミュニケーションの場です。季節毎に多彩な企画展を行うメイン施設の美術館アートコアやガラス工房、陶芸・ろうけつ染めなどの創作工房があり、自然の中でアートを楽しめます。
300013,1,JA福井県ファーマーズマーケットきららの丘,0776-78-6755,910-4111,あわら市牛山25-56,136.205516,36.241804,9:00～17:00,毎月第３水曜日,https://life.ja-group.jp/farm/market/detail?id=1470,約２００軒の農家が丹精込めて育てた、安全・安心な農産物を毎日提供しています。直売所が位置するあわら市は、県内でも有数の青果物生産地で、シーズンになると、メロン、すいか、梨をはじめ多くの青果物が並びます。その他、地場産の野菜も充実しています。すいかの屋根が目印です。
300014,1,吉崎御坊,0776-65-7926,922-0679,あわら市吉崎2丁目1002,136.252885,36.290238,-,-,http://www.city.awara.lg.jp/mokuteki/education/kyoudo/index.html,500年の伝統が息づく国指定史跡。浄土真宗中興の祖・蓮如上人が北陸での布教の中心拠点に選んだ場所で、現在でも付近一帯は「蓮如の里」と呼称されており全国からの参拝者が絶えません。毎年4月末から5月にかけて盛大に開かれる「蓮如忌」は吉崎最大の伝統行事として賑わいます。
300014,2,吉崎御坊 蓮如上人記念館,0776-75-2200,922-0679,あわら市吉崎1丁目901,136.251212,36.289272,9:00～17:00,"火曜日(1月5日～3月9日、祝祭日の場合前日の月曜日)、
木曜日(祝祭日の場合前日の水曜日)、年末年始(12月28日～1月2日)",http://www.city.awara.lg.jp/mokuteki/education/kyoudo/index.html,蓮如館では、蓮如上人の直筆御名号、御文、絵像、蓮如上人絵伝などさまざまな資料が展示され、蓮如上人の足跡に直に触れてもらえるようになっています。鹿島の森や北潟湖を望むすばらしい景色が見られる鳳凰閣では、写経や珠玉づくりの体験ができるほか喫茶コーナーやお土産売り場もあります。
300014,3,越前加賀県境の館,0776-75-1705,922-0679,あわら市吉崎2丁目1004-2,136.2525494,36.2905697,9:00～17:00,火曜日（祝日の場合は開館し翌日休館）、年末年始（12月28日～1月3日）,https://www.facebook.com/kenkiyonoyakata,福井県と石川県の県境にある吉崎地域の宗教文化資源である「吉崎御坊跡」や天然記念物「鹿島の森」などを結ぶ散策ルートなどに関する情報発信の拠点施設です。二つの県の県境に整備された、全国的にも珍しい施設です。
300014,4,北潟湖畔公園,-,910-4272,あわら市北潟211,136.228502,36.258383,自転車等の貸出受付9:00～16:00,自転車等の貸出は、11月20日～3月19日は冬季休業します。,http://www.city.awara.lg.jp/annai/7200/kankoshisetsu/p000474.html,「人と自然の共生」をテーマに、北潟湖の自然を生かした公園。高台には四季折々の植物を鑑賞できるグラスハウス、湖畔にはサイクリングロードやボート乗り場があり、自転車やボートの貸出をしています。
300014,5,あわら北潟温泉hanaゆらり,0776-79-1124,910-4272,あわら市北潟211,136.228502,36.258383,8:00～20:00,-,https://www.hanayurari.com/,北潟湖畔を望む美しい佇まい、こだわりの料理、ゆったり寛げる温泉にお部屋が魅力のhanaゆらりを是非ご利用ください。
300015,1,越前大野城,0779-66-0234,912-0087,大野市城町3-109,136.483062,35.986586,"4月～9月　9：00～17：00
10月～11月　9：00～16：00（早朝開館する場合があります）",冬季（12月1日～3月31日）,http://www.onocastle.net/,"織田信長の部将金森長近が築城した越前大野城は、天正4年から4年の歳月を要して完成しました。当時の大野城は、2層3階建ての大天守、2層2階の小天守、二の丸、三の丸があり、外堀・内堀をめぐらし、城を守っていました。石垣は野面積みという工法で積まれており、県指定文化財になっております。現在の城は、昭和43年に再建されたもので、城内には歴代城主の遺品などが展示されています。
現在は気象条件によっては晩秋から春にかけて、大野盆地全体が雲海につつまれ、越前大野城だけが浮かんで見える幻想的な景色が見られることから「天空の城越前大野城」としても注目され、また、続日本100名城に選定されたことから、多くの人で賑わっています。"
300015,2,大野市観光協会元町会館,0779-65-5521,912-0081,大野市元町10-23,136.490951,35.985243,8:30～17:00,	年末年始,-,七間通りに建つ無料休憩所。会館内では、(社)大野市観光協会が観光案内などを行っています。また、自由にくつろげる休憩コーナーや土産品なども販売されています。会館外には、トイレと無料駐車場も併設されています。主な観光スポットには徒歩で行けるので、市街の散策途中に一息つく人も多く見られます。
300015,3,越前おおの観光・特産物処 結楽座,0779-69-9200,912-0081,大野市元町1番2号,136.487242,35.985077,9:00～18:00,年末年始　12/29～1/2,https://www.h-onoya.co.jp/about/tourism.html,"新鮮な地場産野菜から醗酵食品まで、大野の生産者全員の情熱が伝わる、まさに「まるごと大野」が詰まったこだわりご当地ショップです。
地域のみなさまから観光客の方々まで満足していただけるスケールでご提供します。"
300016,1,道の駅「越前おおの荒島の郷」,0779-64-4500,912-0823,大野市蕨生137-21-1,136.552082,35.972615,9:00～18:00,年中無休,https://arashimanosato.com/,"「道の駅」は全国に1,180駅（2020年7月1日現在）があり、安全で快適に道路を利用するための道路交通環境の提供と地域のにぎわい創出を目的とした施設で、「地域とともにつくる個性豊かなにぎわいの場」を基本コンセプトにしています。
「道の駅」は３つの機能を備えており、24時間無料で利用できる駐車場、トイレなどの「休憩機能」、道路情報、観光情報などの「情報提供機能」、文化教養施設、
観光レクリエーション施設などの地域振興施設で地域と交流を図る「地域連携機能」があります。
駅ごとに地方の特色や個性を表現し、文化などの情報発信や様々なイベントを開催することで全てのお客様に対するサービスの向上に努めます。"
300017,1,道の駅「九頭竜」,0779-78-2300,912-0205,大野市朝日26-30-1,136.661864,35.90432,8:30～17:00,年中無休,http://kuzuryu2300.com/,"福井県の東の玄関口に位置し、大野市の魅力を最初に発信する観光交流拠点として、
特に中京圏よりアクセスの良い立地にあります。

道の駅周辺は山々の四季折々の自然に恵まれ、宿泊施設やキャンプ場やスキー場があり、
１年を通じて自然を存分に満喫できるフィールドです。

ふれあい会館は、九頭竜の自然にマッチした木のもつ優しさをコンセプトに、
ドライブで疲れた方々にすこしでもゆっくりとした時間を過ごせるような
雰囲気づくりに心がけています。

JR 九頭竜湖駅はウッディ調の落ち着いた佇まいの駅舎で、「道の駅九頭竜」の顔として、
また、中部の駅「百選」に認定されるほど鉄道ファンや観光客に人気の施設です。"
300017,2,和泉郷土資料館,0779-78-2845,912-0205,大野市朝日25-7,136.662943,35.905371,"平日9：00～16：00
日曜・祝日9：00～17：00",毎週月曜日（祝日の場合は翌日）・祝日の翌日・年末年始（12/27～1/4）・館内整理期間,http://www.city.ono.fukui.jp/kosodate/bunka-rekishi/hakubutsukan/shisetsu/kyoudoshiryoukan/hakubutsu,和泉地区や近隣市町村で発見された世界最古級のティラノサウルス科の歯、日本最古の鳥の足跡、世界で唯一発見されたトカゲなど、世界から関心を集める化石や、当地がかつては海中であったことを示すアンモナイトやウミユリの化石をはじめ、植物標本や全国の代表的な鉱石などを展示しています。
300017,3,大野市化石発掘センターHOROSSA!,0779-78-2070,912-0217,大野市角野14-3,136.6536383,35.8987654,"9:00～16:30　
体験時間（事前予約制、定員に満たない場合は当日申し込み可）",月曜日及び祝日の翌日、ただし夏休み期間中は毎日開館,https://horossa.jp/,"ＨＯＲＯＳＳＡ！（ホロッサ）では、恐竜の歯やアンモナイト、植物、貝化石の発掘を体験できます。
ＨＯＲＯＳＳＡ！では、約４億４０００万年前の古生代から約１億３０００万年前の中生代白亜紀前期までの約３億年に渡る地球の歴史を体験することができます。"
300018,1,六呂師高原,-,-,大野市南六呂師,136.57663,36.023263,-,-,https://www.rokuroshi.org/,のどかな牧歌風景の広がる高原一帯には、乳牛が放牧された「奥越高原牧場」、バーベキューもできる「円山公園」、露天風呂が楽しめる「トロン温浴施設うらら館」、乳製品作りが体験できる「ミルク工房奥越前」など、楽しめる施設がいっぱいで、アウトドアライフが満喫できるほか、ほか、日本一きれいな星空に選ばれた（H17全国星空継続観察・環境省）星が煌く夜空もご堪能ください。
300018,2,ミルク工房奥越前,0779-67-1166,912-0131,大野市南六呂師169,136.573042,36.020161,9:00～17:00,月曜日(夏休み期間定休日なし),https://www.milk-koubou.com/,ミルク工房奥越前六呂師高原の時計台は、ゆたかな自然が広がる六呂師高原にある体験施設です。のんびりとした空気のなかで、料理体験をしてみませんか
300019,1,スーベニアショップ ラプトル,0779-87-0086,911-0023,勝山市村岡町寺尾51-11,136.507083,36.083927,9:00～18:00,第２、第４水曜日（祝日の時は翌日が休館、夏休み期間は無休）および年末年始（12月31日、1月1日） ただし、展示替えや施設点検のための臨時休館日有（詳細はＨＰまたは電話にてご確認ください）,https://katsuyama-navi.jp/geoterminal/,"世界3大恐竜博物館の一つ、福井県立恐竜博物館前の第一駐車場のジオターミナルにあるスーベニアショップラプトル。普段手に入れることができない恐竜のお土産があり、オリジナルのメニューが楽しめるレストランザウルスキッチンも併設されています。
恐竜博物館、かつやま恐竜の森にお越しの際は、お気軽にお立ち寄りください。"
300020,1,道の駅「恐竜渓谷かつやま」,0779-89-2234,911-0044,勝山市荒土町松ヶ崎1-17,136.479045,36.071815,9:00～17:00,火曜,http://katsuyama-navi.jp/michieki/,"令和２年６月２０日オープン！

■カフェレストラン
　黒糖とこし餡をオリジナル配合してスッキリとした甘味に仕上げた「水ようかんソフトクリーム」、若狭牛で作るメンチカツを挟む「ラプトルバーガー」は、リッチな食感と香り、あふれる肉汁が自慢です！

■ショップ
　勝山市内外のお土産や農産物をはじめ、道の駅オリジナルグッズや恐竜グッズなど多数取り揃えます。
　中でも、道の駅限定販売の「勝ち山羽二重」は、口の中に広がる黒糖の味とクルミのアクセントが、やみつきになること間違いなしのイチオシ商品です。"
300020,2,べり果,0779-64-5152,911-0043,勝山市荒土町新保21−1,136.47838,36.077309,10:00～16:00,火曜,https://strawberika.jp/,"かつやまの豊かな土地と水で作った、美味しいいちごを皆様に。

三国のイチゴ農家さんのもとで数年間経験を積ませていただき勝山市からの農業誘致もあり、かつやま道の駅さん横という地元の方も観光のお客様も立ち寄りやすい場所でイチゴ農園をオープンすることができました。
かつやまの豊かな土地と水で作った、美味しいいちごを皆様にお届けいたします。"
300021,1,スキージャム勝山,0779-87-6109,911-0000,勝山市170-70,136.555717,36.072672,9:00～18:00,【ウインターシーズン】無休【グリーンシーズン】無休※11月はスキー場準備のため休業,http://www.skijam.jp/,"スキージャム勝山は、勝山市の法恩寺山にある西日本最大級のスキー場です。平成5年（1993年）に開業し、初・中・上級全13コ-スのバラエティに富んだコースと、充実した設備のレストハウスや温泉があります。コース全長は、5,800メートルありロングクルージングが堪能できます。ベース標高610メートル、山頂1,320メートルと積雪・雪質とも高い評価を得ています。ビキッズパークではリフトに乗れない初心者や子供の練習をサポートし、ソリ遊び専用レーンも楽しめます。スキー・スノーボードスクール共に質の高いレッスンが好評です。
また、グリーンシーズンは、大自然に囲まれた高原リゾートでバーベキューやパラグライダー、セグウェイ体験、パークゴルフ、ものづくり体験など豊富なメニューのほ楽しむことができます。"
300022,1,越前大仏,0779-87-3300,911-0811,勝山市片瀬町50字1-1,136.518428,36.054546,8～17時（冬期変更有）,無休（冬期臨時休業有）,http://etizendaibutsu.com/,"越前大仏（清大寺）は、、奈良の大仏を上回る座高17m。その左右に4体の脇侍仏、壁面には1,281体の諸仏が安置されています。この他にも高さ７５ｍを誇る五重塔、絢爛たる九龍壁、日本庭園など訪れた人々を圧倒するスケールです。"
300023,1,平泉寺白山神社,0779-88-1591,911-0822,勝山市平泉寺町平泉寺56,136.540353,36.04385,-,無休,http://heisenji.jp/,"国史跡白山平泉寺旧境内は、古くから信仰の対象であった霊峰白山（標高2,702メートル）の越前側の拠点として、養老元年（717年）に泰澄によって開かれたと伝えられています。平安時代後期には天台宗比叡山延暦寺の末寺となって発展し、最盛期の戦国時代には、48社、36堂、6,000の坊院が建ち並び、寺領は9万石・9万貫、8,000人もの僧兵がいたと伝えられ、当時の日本では最大規模の宗教勢力であったようです。しかし、天正2年（1574年）当時、織田信長方に仕えていた白山平泉寺は、大阪の本願寺方の一向一揆勢に攻められ、全山が焼失しました。10年後に一部再興されましたが、境内はもとの10分の1程度にすぎず、多くの坊院跡は山林や田畑の下に埋もれました。
白山平泉寺の境内は、現在の平泉寺町平泉寺区の集落を含む東西約1.2キロメートル、南北約1.0キロメートルの範囲に広がっていたと推定され、平成元年（1989年）から始まった発掘調査によって、当時の遺構がそのまま平泉寺区の地中に埋もれていることがわかりました。さらに遺跡の広大さや保存状態が全国屈指であったため、旧境内全域が国史跡に指定され、名称も「白山平泉寺旧境内」となりました。
現在は、明治の神仏分離令により寺号を廃止し白山神社となり、本殿と拝殿に続く精進坂を中心とした境内は一面に緑のじゅうたんが敷かれたように美しい苔で覆われていおり、「苔宮」とも呼ばれています。その他にも、泰澄を白山に導いた女神が現れたと伝えられている御手洗池や全山焼失に耐えて残ったと伝えられる若宮八幡宮の大杉など往時の白山平泉寺の姿をしのぶことができます。
また、発掘調査に伴い整備された南谷坊院跡の発掘地では中世の遺跡としては国内最大級の見事な石敷道や、斜面を階段状に整えながら続く坊院群の跡を見ることができます。南谷では東西の道で最大3メートル幅、南北は2メートル以下で、東西に幹線道が3本、南北に横道10本程度あったことが判明しており、計画的に整備された宗教都市の一部を見学することができます。さらに、総合ガイダンス施設として「白山平泉寺歴史探遊館まほろば」もあり、白山の歴史や自然を学べる施設となっています。"
300023,2,白山平泉寺歴史探遊館まほろば,0779-87-6001,911-0822,勝山市平泉寺町６６−２−１２,136.534848,36.043909,9:00～17:00（入館は16:30まで）,年末年始（12/29～1/3）,http://www.city.katsuyama.fukui.jp/heisenji/mahoroba/,白山平泉寺の総合案内施設です。タッチパネルやハイビジョン映像、発掘調査で出土した遺物などが展示されており、平泉寺の歴史や発掘状況、史跡散策の見どころを来訪者に紹介するガイダンス施設です。その他にも白山平泉寺が開かれたもととなった白山信仰や、これまでの発掘調査についてもわかりやすく解説してあります。また、毎月さまざまな体験行事やイベントも開催しており、幅広い年代の人に親しまれています。
300024,1,はたや記念館 ゆめおーれ勝山,0779-87-1200,911-0802,勝山市昭和町1丁目7-40,136.5031408,36.0617763,"9:00～17:00　
※カフェは10:00～19:00（火曜日定休日）",水曜日（祝日の場合は翌日）、年末年始（12/29～1/2）,http://www.city.katsuyama.fukui.jp/hataya/,"はたや記念館「ゆめおーれ勝山」は、明治38年（1905年）から平成10年（1998年）まで勝山の中堅機業場として操業していた建物を保存・活用したもので、勝山市指定文化財、国の近代化遺産に認定されています。
1階はまちなか案内所を備え、手織り体験やカフェコーナー、総合おみやげ店があり、勝山ならではの味や体験をお楽しみいただけます。2階では「繊維のまち・勝山」の歴史を学ぶことができ、「機屋（はたや）」の建物を活かした臨場感あふれる展示をご覧いただけます。
体験コーナーで出来る手織りコースター体験やまゆ玉クラフト体験は、親子連れに大人気です。その他にも季節限定で様々な体験をすることができます。"
300025,1,永平寺門前観光協会,0776-63-1711,910-1228,吉田郡永平寺町志比6-10-1,136.352535,36.054934,-,-,http://zen-eiheiji.jp/,大本山永平寺は修行信仰の場であり、周辺の良好な自然環境と一体的な空間を創出することが重要と考えています。また、門前町は大本山永平寺の修行信仰の場を支えると共に、観光の主軸となる空間を創出することが重要と考えます。 そこで、大本山永平寺と門前町が一体となって地域の活性化を図るために「禅の里」まちづくりという理念で一緒にまちづくりについて考え、事業を進めています。
300025,2,永平寺親禅の宿　柏樹關,0776-63-1188,910-1228,吉田郡永平寺町志比6-1,136.352535,36.054934,-,-,https://www.hakujukan-eiheiji.jp/,"永平寺 親禅の宿 柏樹関（しんぜんのやど はくじゅかん）は、旅館のような快適な設備・サービスのなか、宿坊のような坐禅や本格的な精進料理など、禅の世界が体験できます。

大本山永平寺認定の“禅コンシェルジュ”が、永平寺への橋渡しはもちろん、柏樹関館内で禅の世界をご案内します。

体験の後は大浴場でゆったり。レストランでは工夫を凝らした精進料理と越前の銘酒に舌鼓。

禅に親しみ、越前のおもてなしに親しみ、こころを癒す体験の宿、それが永平寺 親禅の宿 柏樹関です。"
300025,3,井の上,0776-63-3333,910-1228,吉田郡永平寺町志比２８−８,136.351515,36.056552,8:30～17:00（11月～3月は16:30）,年中無休,http://www.eiheiji-inoue.co.jp/,"昭和の初めより大本山永平寺の門前お食事処として、永平寺そばと精進料理を営んでまいりました。
　お店も京福バスの停留所隣にございますので、福井駅や山中温泉からのアクセスもしやすく、店内では路線バスの切符も取り扱いしておりますのでお帰りの際も安心です。駐車場も完備しておりますので、お車でもご来店いただけます。
　また、食事に加えて永平寺の御土産品も各種取り揃えている他、店頭販売限定オリジナル商品の「ごまとうふソフトクリーム」や「もっちもち焼き」も、当店ならではの一品です。"
300026,1,道の駅「禅の里」,0776-64-3377,910-1312,吉田郡永平寺町清水2-21-1,136.3991108,36.0801569,9:00～18:00,第1・第3水曜日、年末年始（その他臨時休業あり）,http://michinoeki-zennosato.com/index.html,"大本山永平寺観光など永平寺町の魅力や周辺観光地の情報を発信し、農産物や加工品を販売する道の駅「禅の里」が平成２８年３月１９日にオープンしました。

特産品販売コーナーでは、上志比ニンニクや五領タマネギなど地場を中心にした野菜約４０～１００種（季節によって変動）、ゴマ豆腐や地酒など約２５０品目を販売しています。また、飲食コーナーではおろしそばなどのメニューをそろえるほか、特産品を使ったジェラートも販売しています。"
300027,1,永平寺町魅力発信交流施設 えい坊館,0776-61-0888,910-1117,吉田郡永平寺町松岡神明3丁目107,136.301699,36.092447,9:00～18:00,火曜日,http://kankou.town.eiheiji.lg.jp/guide/index.php?pathinfo=eiboukan,"大本山永平寺をはじめとする地域ゆかりの歴史、伝統文化や、霊峰白山水系の清流九頭竜川に育まれた米や酒、地域の産物など味わいのある食文化を背景に、「禅と食と酒の魅力味わい」を基本コンセプトとしています。

ここから、たくさんの誇れるまちの魅力を発信して、訪れた方に体験していただきます。

また、えい坊館のさまざまな活用によって多くの方が交流し、そこから新しくまちの創造や魅力が高まり発展していくなど、今までにない公共施設として、永く親しまれる施設を目指してまいります。"
300027,2,けんぞう蕎麦,0776-61-1481,910-1133,吉田郡永平寺町松岡春日３丁目26,136.297919,36.088932,"平日11:00～14:00
土日11:00～16:30",月曜定休（祝日の場合は営業）,https://www.kenzousoba.com/,福井県産と北海道産のそば粉をブレンドした打ち立ての十割蕎麦を味わっていただけます。ひとくちほおばれば、風味豊かで甘みのある味わいで、爽快なのどごしと華やかな香りは、ご好評いただいております。多くのお客様から、「また食べたくなる美味しさ」とのお声に励まされて、今日もまた丹精込めて蕎麦打ちをします
300027,3,石田屋 ESHIKOTO店(6月17日オープン）,0776-61-3733,910-1133,吉田郡永平寺町松岡春日1-38,,,,,,
300028,1,越前和紙の里,0778-42-1363,915-0232,越前市新在家町8-44,136.243274,35.911316,9:00～16:00,年末年始,http://www.echizenwashi.jp/,越前市は、高級手すき和紙の産地として日本一のシェアを誇ります。特に、越前和紙の里として知られる不老（おいず）、大滝、岩本、新在家（しんざいけ）、定友の五つの集落は、総称して五箇（ごか）地区と呼ばれ、和紙業者が軒を並べています。また、この地区には越前和紙の関係資料を数多く展示した「紙の文化博物館」や、紙すきが体験できる「パピルス館」などもあって和紙の里にふさわしい風情を醸し出しています。
300028,2,パピルス館,0778-42-1363,915-0232,越前市新在家町8-44,136.243274,35.911316,9:00～16:00,年末年始,https://www.echizenwashi.jp/facility/papyrus/,世界中でたった一枚。紙すき体験で、あなただけのオリジナル和紙を作ることができます
300028,3,卯立の工芸館,0778-43-7800,915-0232,越前市新在家町9-21-2,136.2448448,35.91120801,"9:30～17:00
紙漉き見学は午後4時まで、入館は16:30まで",毎週火曜日（祝日の場合は営業）・年末年始,http://www.echizenwashi.jp/,卯立（うだつ）屋根のめずらしい様式で、和紙の里にふさわしい雰囲気を醸し出しているこの工芸館では、昔ながらの道具を使って和紙を漉く伝統工芸士の技を見学できます。職人は良質の和紙を造るため、身を切るような冷たい水で紙を漉きます。手漉き職人の緊張の中にも温かさを感じることができる、越前和紙の里・今立の名所です。
300028,4,紙の文化博物館,0778-42-0016,915-0232,越前市新在家町11-12,136.2461184,35.9102359,9：30～17：00（入館は16:30まで）,毎週火曜日（祝日の場合は営業）・年末年始,http://www.echizenwashi.jp/,越前和紙の伝説や歴史をはじめ、その高い技術から奉書をはじめ日本美術にかかせない紙やお札づくりを支えた原点を紹介しています。一階では和紙の繊維を観察したり、さまざまな種類の和紙に触れることができるコーナーがあります。二階は、重要文化財の越前和紙の製作用具及び製品をはじめ、和紙と産地の魅力を集めた展示をご覧いただけます。
300028,5,やなせ和紙,0778-43-0639,915-0234,越前市大滝町24-21,136.251323,35.904902,10:00～16:00,年中無休,http://washicco.jp/index.html,福井県越前市は1500年の歴史を誇る越前和紙の産地です。越前和紙は越前地方の岡太川流域で作られる和紙で、平坦な土地が少なく田畑には適さない環境と、綺麗な湧水、紙を漉くのに適した寒さなど、土地の風土が地場産業として紙漉きを根付かせました。この産地で主にふすま紙を中心に漉いてきた「やなせ和紙」は、現代表の柳瀬晴夫さんで2代目にあたります。1950年頃に和紙職人だった父親が独立して1975年に法人化しました。手漉きのふすま紙は、他の産地では見られない大きな桁を使い大人2人で交互に汲み上げる流し漉きで作られます。生活様式の変化でふすま紙の需要が減少する中、現代にあった新しい伝統工芸を生み出すプロジェクト「NEW DENSAN PROJECT」に参加し、2015年にデザイナーとともに和紙の箱「harukami」を完成させます。家族や数名の従業員と共に、伝統を受け継ぎながら紙の表現の可能性を模索しチャレンジを続けています。
300029,1,越前そばの里,0778-21-0272,915-0005,越前市真柄町7-37,136.207247,35.905365,9:30～16:00,年中無休（1月1～3日は休み）,https://www.echizensoba.co.jp/,越前そば発祥の地で「そば打ち体験」にチャレンジ！！モニターを使った丁寧な指導で初めての方でも安心です。お子様もOK、家族で楽しめます。武生でそばといえば、おろしそば。大根おろしを入れたつゆでさっぱりと食べる食べ方は日本でもこの地方だけだとか。打ちたてをすぐに食べられるのも魅力です。ほかにも「水ようかんづくり」体験も可能です。
300029,2,明城ファーム,080-4259-5348,915-0006,越前市杉崎町３丁目９−１,136.207872,35.904802,"9：00-16：00（カフェ10：00-15：00）
金曜日、土曜日に限り22：00（ラストオーダー　21：00）までの夜カフェ",火曜日,https://myojo-farm.jp/,越前市ののどかな田んぼの中に登場したオシャレな建物。イチゴやトマトをメインに生産している農園『明城ファーム』イチゴ農家だからこそ提供できるバリエーション豊富なイチゴスイーツを堪能することができます。
300030,1,タケフナイフビレッジ,0778-27-7120,915-0031,越前市余川町22-91,136.236727,35.88822,9:00～17:00,年中無休,https://www.takefu-knifevillage.jp/,"一度は衰退の一途を辿っていた越前打刃物でしたが、
あらゆる職人たちの手によって復活し、
今では全国から若者が集う産業にまで発展することが出来ました。
その背景には、こうした職人たちの人生をかけた挑戦があったのです。
私たちは、いつまでもこの事を忘れず、
​これからも越前打刃物を後世に残していきます。"
300031,1,ちひろの生まれた家記念館,0778-23-8900,915-0068,越前市天王町4-14,136.166938,35.899901,10:00～16:00,毎週火曜日（祝日の場合は翌日）年末年始,http://chihironoie.jp/,越前市出身の絵本画家いわさきちひろの生家です。本館は当時の趣を随所に残し、2階ギャラリーでは年数会期の企画展を開催しています。また、絵本ライブラリーやミニシアターを備えた別館にはセルフカフェコーナーも併設、ちひろの世界をゆっくり楽しむことができます。
300031,2,bistro Un,050-5570-7824,915-0823,越前市本町1-22,136.165896,35.900141,"ランチ　11:30～15:00
（L.O.15:00）
ディナー　17:30～22:30
（L.O.21:30、ドリンクL.O.22:00）","不定休日あり
月曜日(月曜日が祝日の場合は翌火曜日がお休み)",https://r893200.gorp.jp/,築180年の蔵を改装した、お洒落でモダンな佇まいのカジュアルフレンチの店【bistro Un】。シェフ自らが農場へ出向き厳選した福井の野菜ほか、北陸地方の熟成魚を使った美しい一皿をお届けします。富山のシクヤ製麺所様と共同開発したオリジナルの「Un麺」を使った生パスタも絶品。これらの料理に合うフランス産の赤・白・スパークリングワインをご用意しました。自慢の逸品とのマリアージュをご堪能ください。
300031,3,蔵の辻,,915-0074,越前市蓬莱町３,136.166151,35.9023969,-,-,-,総社大神宮斜め向かいに白壁の蔵が建ち並ぶ通称「蔵の辻」と呼ばれるおしゃれな一角があります。この地区では江戸時代以降関西から北陸方面への物資の中継基地として栄えており、それぞれ商人たちの蔵が並んでいました。今は市街地活性化の一環として整備され、蔵の辻として市街地の新名所になろうとしています。
300032,1,道の駅 西山公園,0778-51-8181,916-0027,鯖江市桜町3-950,136.1822103,35.9524068,9:00～18:00,年末年始,http://www.nishiyama-park.jp/,5月上旬～中旬には約5万株ものツツジが彩る日本海側随一のつつじの名所西山公園の隣に立地し、花と緑につつまれた「道の駅西山公園」。地元農家の新鮮な野菜や、眼鏡・漆器・繊維の展示販売を行うコーナーがあり、鯖江のものづくり情報を発信しています。施設内にはエレベーターが設置されており、最上階の吊り橋を渡ると西山公園の中腹まで行くことができます。
300032,2,鯖江市西山動物園,0778-52-2737,916-0027,鯖江市桜町3丁目8-9,136.180923,35.950621,"9:00～16:30　
体験時間（事前予約制、定員に満たない場合は当日申し込み可）",月曜日（祝日の場合翌日）、年末年始,https://www.city.sabae.fukui.jp/nishiyama_zoo/,"西山公園の中腹にある”日本で一番小さい動物園”です。みんなに大人気のレッサーパンダをはじめ、タンチョウヅルやリスザルなどが飼育されています。
また、併設されている「レッサーパンダのいえ」では、天候に左右されずに間近でレッサーパンダを見ることができる他、生態などを展示するギャラリー、来園者の方々が休憩や多目的に使えるラウンジがあります。"
300032,3,サバエ・シティーホテル,0778-53-1122,916-0027,鯖江市桜町3丁目3-3,136.18135,35.947092,"ランチ　11:00～14:00(L.O)15:00(close)
ディナー17:30～20:00(L.O)21:30(close)",火曜日(祝日の場合は営業),https://www.sabae-city-hotel-ilvigore.com/,"賑やかな商業地区にあるモダンな建物の落ち着いたホテル。路面電車が走る鉄道路線の最寄り駅から徒歩 1 分、西山公園から徒歩 5 分。
シンプルな客室に、Wi-Fi、薄型テレビ、ミニ冷蔵庫を完備。6 名まで宿泊可能な客室は、座卓と布団を備えた和室。
朝食込み。明るいイタリアン レストランもある。宴会場と駐車場もある。"
300033,1,めがねミュージアム,0778-42-8311,916-0042,鯖江市新横江2丁目3-4,136.1896025,35.9498359,"ショップ10：00～19：00
博物館、工房10：00～17：00
カフェ10：00～16：00",毎週水曜日（祝日除く）・年末年始,https://www.megane.gr.jp/museum/,福井県は、国内生産フレームの9割以上のシェアを持つめがねの産地です。その産地ならではのめがねを扱うアンテナショップ。また、純国産フレームや、チタンやプラスティックを材料にしためがね以外の製品の展示販売、糸のこぎりを使って世界でひとつだけの自分のめがねをつくるめがね工房があります。
300034,1,うるしの里会館,0778-65-2727,916-1221,鯖江市西袋町40-1-2,136.273888,35.953169,9：00～17：00　（時間受付　9：00～16：00）,毎月第4火曜日（祝日の場合は翌日）、年末年始,https://www.echizen.or.jp/,"優雅さと堅牢さを兼ね備えた「越前漆器」は1500年以上の歴史を有し、国の伝統的工芸品の指定を受けています。
うるしの里会館では漆器の歴史や製造工程などが見学できます。ショップ内で展示・販売している商品は1,000種類以上あり、産地価格でお安くお買い求めいただけます。また、隣接する職人工房では、伝統工芸士による実演が行われており、作業風景を眼前で見学することができます。その他にも産地ならではのワークショップがあり、絵付け・沈金・拭き漆の体験ができます。（要予約）"
300034,2,SAVA! STORE,0778-65-0048,916-1222,鯖江市河和田町19-8 TOURISTORE内,136.274106,35.95065,12:00～18:00,火、水,https://savastore.jp/,"SAVA!STORE は福井県鯖江市に拠点を置くデザイン事務所「TSUGI」が運営する、デザイン性とストーリー性の高い福井のグッドプロダクトが並ぶオンラインストアです。
歴史を受け継ぎ、現在そして未来に向けて、脈々と時代に寄り添う商品をつくり続ける福井のものづくり。
SAVA!STORE では素材の特徴や製造工程、使い方、作り手の思いを丁寧に伝えることで、領域を超えた新しいコミュニケーションの場として、作り手と使い手をつないでいきます。"
300034,3,Hacoa,0778-65-3112,916-1221,鯖江市西袋町503,136.276556,35.954547,11:00～18:00,年中無休,https://www.hacoa.com/,"木はさまざまな要素を含んだ完成した素材でそれぞれの香りや温かい感触があります。
1枚の四角い板もさまざまな曲線で構成されていて、それ以上のボリュームを感じさせるような生き生きとした構造を持っています。
そんな領域にとらわれない、空間全体へのアプローチを視野に入れたものづくりを、デザインから製作まで、一貫して行ってるプロフェッショナル集団です。"
300034,4,漆琳堂,0778-65-0630,916-1221,鯖江市西袋町701,136.274966,35.95347,10:00～16:00,不定休,https://shitsurindo.com/,"美を塗る。藝を重ねる。
越前漆器は伝統工芸品であると同時に、
日々の暮らしで使われる生活道具でもあります。
美しさと堅牢さを兼ね備える漆器を
いっさいの手間を惜しむことなくつくり続ける。
それが漆琳堂の永代変わらぬ矜持です。"
300034,5,土直漆器,0778-65-0509,916-1221,鯖江市西袋町 214（工房）,136.277845,35.954466,10:00～17:00,水曜,http://www.tsuchinao.com/,"漆を塗る。想いを込めて。
どんな人たちがどんな時に
私たちの塗り上げた器で食事するのだろう。

それは楽しい宴だったり
毎日の何気ない夕食だったり
ある時は笑顔に包まれて
またある時は人生の大事な瞬間のそばにいるかもしれない。

いろんな想像を楽しみながら
丁寧に丁寧に私たちは塗り上げていきます。
職人の手仕事で創る漆器たち。
私たちの工房には
うなりを上げる機械も精密さを測る機器もありません。
漆を塗り、磨き、また塗る。
そこに込められた想いを
どうぞ感じていただけたら幸いです。
"
300034,6,山うに屋の里「ほやっ停」,0778-42-7942,916-1233,鯖江市尾花町60-35-5,136.272419,35.948669,11:00～18:00,水曜,https://echizentai.com/,河和田地区に伝わる山うにを使ったたこ焼きや大判焼きが人気の「ほやっ亭」
300035,1,まちの市場 こってコテいけだ,0778-44-8050,910-2512,今立郡池田町稲荷36-25-1,136.344918,35.89293782,8：30～18：30,火曜日,https://www.e-ikeda.jp/eat/p004056.html,"スタッフとお客様とのふれあいが実感できる小さな町の小さなお店です。
池田町産の野菜、お弁当、お土産物など品数は豊富です。
池田町のお水を使ったミネラルウォーター「ままの水」、後味すっきりなご当地サイダー「いけソーダ」はお土産としても人気です。
村の食堂では、池田町の食材を使ったランチも楽しめます。"
300036,1,Tree Picnic Adventure IKEDA,0778-44-7474,910-2523,今立郡池田町志津原28-16,136.3672554,35.8624071,10：00～17：00,■3月中旬～12月上旬は火曜日定休（GW・夏休み期間は無休）　■1月中旬～2月は土・日・祝のみ営業　■12月上旬～1月上旬および3月上旬は休業,https://www.picnic.ikeda-kibou.com/,池田町の志津原エリアの山林にある日本最大級の冒険の森。鳥の視点で大空にはばたく全長約1kmの「メガジップライン」、樹上を空中散歩できる「アドベンチャーパーク」、足羽川の源流を下る全長2.1kmの「アドベンチャーボート」など、木に触れ、森を飛び、川と遊ぶ多彩なプログラムが満載です。冬は白銀の森の上を飛ぶジップラインなどが楽しめます。体験は予約制。
300037,1,かずら橋,0778-44-7755,910-2524,今立郡池田町土合皿尾14-7-1,136.365145,35.86251,9：00～17：00,冬期（12月～3月頃）、荒天時は通行止め,https://www.e-ikeda.jp/see/p004017.html,樹木の生い茂る足羽川渓谷にかかる橋で、全長44m・幅1.8m・高さ12mの全国的にも珍しいカズラのつり橋です。独特の揺れもあってスリル抜群。この橋の上で愛を誓うと永遠に幸せになれると言われています。
300037,2,そばの郷　池田屋,0778-44-6878,910-2524,今立郡池田町土合皿尾14-7-1,136.365112,35.860303,11:00～15:00,毎週月・火曜日（祝日の場合は営業）、年末年始,https://www.e-ikeda.jp/eat/p004012.html,"そばの郷 池田屋には、いろんなそばがありますが、ぜひ「大ざる（5人前）」を注文し「そばで腹いっぱい」を堪能してください。大根おろし、ネギ、かつおぶし、とうがらしの薬味を自分好みでトッピングし、だしをあわせて豪快に口に放り込めば、そばの香りと喉ごしがたまりません。そのほか、おろしそば、山菜天ぷら、そば定食（要予約）、手打ちうどん等があります。
窓外の景色も自慢で、かずら橋と庭園を眺めながら、ゆったりと流れる池田の時間を堪能できます。"
300037,3,渓流温泉 冠荘,0778-44-7755,910-2523,今立郡池田町志津原14-17,136.363618,35.863477,-,-,http://kanmuri.net/,JR武生駅から車で約24km、北陸自動車道・武生ICから車で約22km、山に囲まれたのどかな場所に建つ、温かみのあるのんびりとした温泉旅館。民芸品を飾った赤いカーペットのロビーは、レトロで懐かしい雰囲気。檜風呂と岩風呂の露天風呂に加えて、サウナと内湯を完備する（炭酸水素塩泉）。
300038,1,道の駅「越前」（アンテナショップ）,0778-37-2360,916-0422,丹生郡越前町厨71-335-1,135.9967942,35.9202744,"アンテナショップ
 9:00～18:00
食事処　9:00～17:00
温泉　11:00～22:00","毎週火曜日
ただし夏休み期間中は無休
11月～3月は、第2・第4火曜休館",http://www.echizen-kk.jp/michinoeki.html,"道の駅「越前」が、2014年11月15日にOPENしました。
観光の玄関口として、広域観光のゲートウェイを担うほか、町内、県内の特産品等のアンテナショップ、観光案内カウンター等が設置されており、越前加賀海岸地域の道路情報等を提供するとともに、越前温泉露天風呂「漁火」「越前がにミュージアム」もあり、漁・農・商工連携による情報拠点となります。"
300038,2,越前がにミュージアム,0778-37-2626,916-0422,丹生郡越前町厨71-324-1,135.9983371,35.920545,9：00～17：00,毎週火曜日（祝日の場合はその翌日。ただし、夏休み期間は無休、11月～3月は第2・第4火曜日）,http://www.echizen-kk.jp/kani.html,"2016年7月15日にリニューアルした越前がにミュージアムは、越前がにや近海の魚たちの神秘を遊びながら学ぶ体験施設として、海遊歩道やビックラブシアター、漁船チャレンジ、絵画水族館などの楽しいゾーンがいっぱいのミュージアムです。

越前がにや日本海の神秘を遊びながら学ぶ体験ゾーン施設として、新しい「かに文化」に出会えます。"
300038,3,お食事処うおいち,0778-37-2500,916-0422,丹生郡越前町厨71-324-1,135.998052,35.920036,"平日　10:30~
土日祝日　10:00~",毎週火曜,https://kane1-suisan.com/oshokuji-uoichi,"道の駅えちぜんの道路を挟んで反対側にある「うおいち」では
越前港で水揚げされた新鮮な魚介類や、地元ならではのお土産物を販売しています。
越前がにのシーズン中は、越前がにや、極を販売しています"
300038,4,ビーチマートまるさん,0778-37-1212,916-0422,丹生郡越前町厨70-193,135.996821,35.915903,（平日）9:00～17:30／（土・日・祝）8:30～17:00,毎週水曜日、年末年始,https://www.town-echizen.jp/spot/spot05Detail.php?id=343,新鮮な海産物のほか、スーパーやコンビニのように食材やお惣菜も買える魚屋さんです。
300038,5,料理宿やまざき,0778-37-1016,916-0422,丹生郡越前町厨16-53-1,135.998702,35.928053,-,-,https://yamazaki-r.co.jp/,築100年以上もの歴史を持つ加賀近郊の古民家が、2007年11月、越前海岸に「料理宿やまざき」として生まれ変わりました。創業100年以上の老舗旅館のもてなしに古民家の趣が見事に融合し、2010年度には【グッドデザイン賞】を受賞。
300039,1,道の駅パークイン丹生ヶ丘,0778-34-2850,916-0142,丹生郡越前町上川去45-1-7,136.119506,35.969486,10:00～17:00,毎週火曜日（祝祭日の場合はその翌日）・年末年始,https://www.town-echizen.jp/spot/spot05Detail.php?id=460,福井県の主要道路である北陸自動車道、国道8号と越前海岸を走る国道305号との重要な連絡路である国道417号沿いに位置し、福井総合植物園（プラントピア）をアピールし、長い歴史や豊富な文化財などの観光資源の情報を、一堂に集めた、休憩、憩いの場です。
300039,2,越前糸生温泉 泰澄の杜,0778-34-2322,916-0111,丹生郡越前町小倉88-55-1,136.093199,35.997476,-,-,http://taichou-no-mori.jp/,広々とした大浴場でゆったり、のんびりとおくつろぎいただけます。また、木立を吹き抜ける風と小鳥のさえずりがここちよい露天風呂が大人気です。大自然に囲まれた環境なので、四季折々な風景を楽しみながら露天風呂をお楽しみください。ご宿泊、日帰りでも温泉をご利用いただけます。
300039,3,越前町立 福井総合植物園プラントピア,0778-34-1120,916-0146,丹生郡越前町朝日17-3-1,136.118901,35.968775,9～17時（入園受付は16時まで）,火曜定休（祝日の場合は翌日）,http://www.fukui-bot.jp/,"日本海側最大規模の25ヘクタール広さを持つ植物園です。自然の地形を生かした植物園であり、植物館を併設しています。来園者に分かりやすいように、園内には、サクラ園、ドングリ園、ロックガーデンなど計35の植物コーナーが設けられ、計3,000種の植物が植えられている。子供から大人まで一般の人から専門家まで大いに楽しめ憩える植物園です。"
300039,4,めん房 新月亭,0778-34-0170,916-0147,丹生郡越前町内郡14-21,136.13045,35.973315,"平日／[昼]11:00～14:30(LO14：00) [夜]17：00～21：30(LO21:00)
土曜・日曜・祝日／11:00～21:30(LO21:00)",月曜日　※祝日の場合、翌日に振替えます,http://www.singetutei.jp/,"創業、昭和２９年の福井県越前町に店を構える「めん房 新月亭」です。
地元産のそば粉と厳選した水で練り上げた、ノド越しの良くコシの強い蕎麦や、
最大５日以上熟成した麺が特徴のうどんなど、こだわり続けた味を提供しております。
また、おそば・うどん以外にも、お鍋や宴会料理などもご用意して
皆様のお越しをお待ちしております。"
300039,5,朝日風月堂,0778-34-0062,916-0141,丹生郡越前町西田中8-34,136.128985,35.976767,8:30～18:30,不定休,-,"一つ一つ丁寧に作られた和菓子たちは、和菓子が苦手なお子様でも食べられるホッとする優しい甘さに仕上がっています。
あんこと皮のしっとり感と皮の厚みが絶妙な「田舎まんじゅう」はお店の人気商品です！
カフェコーナーもあるので、お気に入りのお菓子を選んだらゆっくりティータイムもお楽しみ頂けます"
300040,1,劔神社,0778-36-0404,916-0215,丹生郡越前町織田113-1,136.055395,35.957828,-,-,http://tsurugi-jinja.jp/,劔（つるぎ）神社は、1800年の歴史を有し、毎年多くの初詣客でにぎわう神社としても知られています。戦国武将織田信長の祖先は、当社の神官で、出身地の地名を取って「織田氏」を名乗ったとされます。本殿は県の指定文化財に、梵鐘は国宝に、また秋に奉納される太鼓「明神ばやし」は、県の無形民俗文化財にそれぞれ指定されています。
300040,2,越前町 織田文化歴史館,0778-36-2288,916-0215,丹生郡越前町織田153-1-8,136.054109,35.958932,10：00～18：00（入館は閉館の30分前まで）,毎週月曜日（月曜日が祝祭・振替休日にあたる場合は翌日休館）・祝日の翌日（土日をのぞく）・年末年始（12/28～1/3）,https://www.town.echizen.fukui.jp/otabunreki/,歴史資料館・図書館・文化交流ホールを有する複合施設です。資料館では、越前二ノ宮劔神社と神仏習合、織田信長と劔神社、越前焼の歴史などをテーマに、考古・文献資料や模型・復元住居を展示しています。
300040,3,手づくりお惣菜 じんべえ,0778-36-0303,916-0215,丹生郡越前町織田（劔神社前）,136.05606,35.957195,10:00～18:00,毎週水曜,https://www.zinbe.com/,"じんべえは福井県丹生郡織田にある、お袋の味が味わえる
全て手づくりのお惣菜屋さんです。
食材は旬の食材を使用。
食べ放題のランチバイキングは、
地元の方から観光客の方々まで大好評です！
オンラインショップでは、
おふくろの味がご自宅で手軽に楽しめます。"
300040,4,織田の菓子処 阿んま屋,0778-36-0179,916-0204,丹生郡越前町中10-1-1,136.052739,35.961661,8:00～19:00,火曜,http://www.anmaya.jp/,"｢生どらやき｣のお店として、県内外からご好評をいただいています。
｢生どらやき｣は他に類を見ないほどの豊富な種類を揃えています。季節感溢れるものや地元産の素材、健康素材を取り入れたものなど、ご賞味いただくお客様に味覚と視覚を楽しんでいただけるよう心がけています。
そしてさらに、お客様からの新たなニーズに応えられるよう、日々、努力しております。"
300041,1,越前陶芸村,0778-32-2174,916-0273,丹生郡越前町小曽原6-12,136.060841,35.933875,9:00～17:00,月曜,http://www.tougeikan.jp/,広大な陶芸公園の各所に桜が植えられているため、見ごろの時期には公園内どこでも桜を眺めながら散策できる。４月中旬には「越前陶芸村しだれ桜まつり」、５月下旬には「越前陶芸まつり」などイベントも多く開催される。
300041,2,越前陶芸村文化交流会館,0778-32-3200,916-0273,丹生郡越前町小曽原7-8,136.059584,35.93295,9：00～17：00（最終入館は16：30）,毎週月曜日（休日を除く）・休日の翌日（土・日・休日を除く）年末年始：１２月２８日～１月４日,http://www.echizen-kk.jp/bunka.html,自然と美しい環境の中で、より多くの方に文化に親しんでいただくための舞台として、また様々な文化・芸術活動にご利用いただける施設。特に、現代越前焼作家５０人のカップ１５０個の中から好みのカップでコーヒーが飲めるコーヒーコーナーでは、ゆったりと流れる時間を楽しみ、陶芸公園の景観美を体験できます。ギャラリーでは、越前焼作家の作品展示なども行っており、陶芸村の文化の発信基地となっています。
300041,3,越前焼の館,0778-32-2199,916-0273,丹生郡越前町小曽原5-33,136.05844,35.944608,"平日　 10時～16時
土日祝  9時～17時",年末年始：１２月２９日～翌年１月１日,http://www.echizenyaki.com,"越前焼の窯元の商品や作品を一堂に展示即売しています。ゆったりとしたスペースには伝統的な自然釉の壷や花瓶などをはじめ日常的に使われる皿や鉢、さらに現代的なビアマグやワインカップなどバラエティに富んだ約1,000アイテムの商品が常時展示されており、六古窯のひとつである越前焼を直接買い求めることができます。"
300041,4,福井県陶芸館,0778-32-2174,916-0273,丹生郡越前町小曽原120-61,136.0582881,35.9348693,開館時間9：00～17：00　　＊入館は16:30まで,月曜日（休日を除く）、休日の翌日（土・日・休日を除く）、年末年始,http://www.tougeikan.jp/,日本六古窯の1つに数えられる越前焼の振興を目的として、昭和46年（1971）に開館。越前焼の歴史の解説や現在の越前焼の展示販売、窯元実演などを行っています。陶芸教室では、オリジナルの越前焼をつくることもできます。
300041,5,越前古窯博物館,0778-32-2174,916-0273,丹生郡越前町小曽原107-1-169,136.0594626,35.9358695,"開館時間9：00～17：00　　
＊入館は16:30まで",月曜日（休日を除く）、休日の翌日（土・日・休日を除く）、年末年始,https://www.tougeikan.jp/koyou/,"越前古窯博物館は、国登録有形文化財を展示する「資料館」、福井の古民家を移築した「旧水野家住宅」、本格的な茶室「天心堂」・「天心庵」から構成されます。
資料館では国登録有形文化財「福井県陶磁器資料（水野コレクション）」を展示して平安時代から近現代までの越前焼を紹介します。 


"
300041,6,十割蕎麦 だいこん舎,0778-32-3735,916-0273,丹生郡越前町小曽原120-3-20,136.058018,35.933898,"平日　11:00-15:00

土日祝日　11:00-17:00",月曜（祝日の場合は翌日）、臨時休業あり,https://www.soba-daikonya.com/,"越前陶芸村にある蕎麦屋「十割蕎麦 だいこん舎」です。

福井でのびのび育った玄蕎麦を100%使用した、石臼挽自家製粉の十割蕎麦が味わえます。

また、日本六古窯にも数えられる「越前焼」のうつわにもこだわっています。

蕎麦屋をはじめて25年目。

お蕎麦と陶芸村のまんなかで、みなさまのお越しをお待ちしています。"
300041,7,料理旅館 樹香苑,0778-32-2332,916-0273,丹生郡越前町小曽原7-7-1,136.060586,35.932542,-,-,http://fukui-ryokan.com/,"福井の自然豊かな山里に囲まれた越前陶芸村の敷地内に佇む料理旅館 樹香苑。
木造で出来た旅館では、木の優しいぬくもりが感じられる全５室の客室にて、福井で採れた旬の美味しい料理を味わいながら心ゆくまでくつろいでいただけます。 また、越前陶芸村は福井でも陶芸体験ができる事で知られており、唯一自分だけのオリジナル陶芸が作れます。
冬は越前がにの水揚げで知られる福井県越前町の海岸線まで車で１５分の好立地に佇む料理旅館樹香苑で、福井名物冬の王者越前がにを是非お楽しみください。"
300041,8,菓子処 江雲堂,0778-32-2037,916-0255,丹生郡越前町江波24-44-1,136.063847,35.939598,8:30～18:00,毎週月曜日（月曜休日の場合は火曜日が休みとなります。）　1月1日,http://koundo-fukui.com/,"当店は越前陶芸村の近くに位置し、
越前焼きにちなんだ和菓子をはじめ、
丁寧に作りあげたお菓子を数多く取り揃えています。
長年地元に愛され続けてきた味を是非ご賞味ください。"
300042,1,越前岬水仙ランド,0778-37-2501,916-0303,丹生郡越前町血ヶ平27-1-2,135.965546,35.981527,9：00～17：00（冬期は9：00～16：00）,"毎週木曜日
１１月から３月までは無休",http://www.echizen-kk.jp/suisen.html,日本海に望む断崖の上に白くそびえ立つ越前岬灯台。その風景をバックに広がる日本三大群生地の一つである越前岬水仙卿。その中にある越前岬水仙ランドでは、越前水仙が一面に広がり、越前水仙を心いくまで楽しむことができます。
300042,2,蟹かに亭 水仙ランド店,0778-43-6272,916-0303,丹生郡越前町血ヶ平25-2,135.961033,35.982142,11:00～20:00,木曜,https://www.town-echizen.jp/spot/spot04Detail.php?id=510,"越前漁港から水揚げ直送された新鮮な魚介を使った海鮮料理、 冬には全国的にも有名な越前がにをご提供可能です。
当店は国定公園内の越前岬水仙ランド下に構え、 また多数の肩書を持つ場所の中、 国の「重要文化的景観」 「日本の夕陽百選」 「福井ふるさと百景」 恋する灯台に認定された「越前岬灯台」 「日本三大水仙群生地」 に当店はあります。

メニューでは 越前がにはもちろん、越前産魚介類、ソースかつ丼や蕎麦など福井名物を揃え、比較的リーズナブルにご提供できるよう心がけます。
又、器には「越前焼」を使用しており ここに来るだけで「福井観光・旅行」が一気に楽しめる環境をご提供致します。
そして ランチタイムの後にはカフェタイム、ディナータイムもあり、用途に応じてお楽しみいただけます。"
300042,3,岬茶屋 花のゆめ,0778-37-0511,916-0301,丹生郡越前町梨子ヶ平2-1,135.96625,35.991989,9:00～16:00,木曜,https://www.hananoyume.jp/,"福井県の越前海岸有数の名所「呼鳥門」の目の前にあるお店「岬茶屋 花のゆめ」。南越前町の料理民宿「たまむら」が経営する姉妹店で、土産物の売店や、定食･丼ものが食べられるレストランを備えた
「レスト有情(うじょう)」に隣接した料理屋です。"
300042,4,蕎麦café Maruta屋,0778-37-0731,916-0311,丹生郡越前町梅浦114-1,135.977556,35.957286,平日11:00〜17:00、土日10:00～18:00,月、火,http://marutaya-cafe.hungry.jp/,『時間を忘れてちょっと休憩』 どうぞ越前の雄大な海を眺めながら心ゆくまでお過ごしください。
300043,1,道の駅「南えちぜん山海里」,0778-47-3690,919-0203,南条郡南越前町牧谷39-2-2,136.06787,35.826328,9：00～16：00,水曜、年末年始（12月29日～1月3日）,https://kineno-nanjo.com/,"南えちぜん山海里は、こだわりメニューでおもてなしするオープンキッチン7店舗の飲食エリアと、地元農産物や北陸のお菓子類、県内の商工会が推奨するお土産や工芸品の物販エリア、滑り台でキッズプレイルームと屋外公園を接続するキッズエリアでお客様を迎えます。
旅の一休みや観光の出発点として道の駅南えちぜん山海里に遊びにきねの！"
300044,1,北前船主の館　右近家,0778-48-2196,915-1111,南条郡南越前町河野2-15,136.068248,35.826251,9:00～16:00,水曜,http://www.minamiechizen.com/tabid/196/Default.aspx,国道305号線沿いに、当時の栄華を偲ばせる見事なたたずまいを見せながら、「北前船主の館・右近家」があります。全盛期には約30余隻を有した右近家の繁栄ぶりは、上方風切妻造瓦葺二階建の邸宅をはじめ、贅を尽くした西洋館などに見ることができます。
300044,2,観光案内所「どっときたまえ」,0778-48-2240,915-1111,南条郡南越前町河野2-16 商工会館内,136.067934,35.826245,9:00～16:00,水曜,-,北前船主館・右近家」のすぐ前にある観光案内所。「北前船」と「．COM→どっとCOME」をモチーフに、そして「どっと来て」に引っかけて「どっときたまえ」という名前に
300044,3,ファミリーマート＋ハーツ河野北前船主通り店,0778-67-7189,915-1111,南条郡南越前町河野1-89,136.066755,35.827297,6:00～23:00,無休,-,
300045,1,今庄宿,0778-45-1111,919-0131,南越前町今庄75-39-2,136.197485,35.7731216,-,-,http://www.imajo-syuku.com/,町並は今もなお、昔の面影を残し、素朴な雰囲気を漂わせています。角を曲がって路地裏に足を踏み入れると、そこはもう時代劇の宿場町、タイムスリップ気分が味わえるはず。
300045,2,観光案内所（JR今庄駅）,0778-45-0074,919-0131,南条郡南越前町今庄74号3番地の1,136.198775,35.773168,-,-,-,
300045,3,古民家レストランらんたん屋,0778-45-1710,919-0131,福井県南条郡南越前町今庄2字7-1（85－14）,136.197515,35.784213,11:00〜15:00、18:00～22:00（予約は応相談）,毎週水、木曜日（祝日は営業）,https://restaurant-rantan.com/,"満点の星空のなか、夜空に舞うLEDスカイランタンと
厳選された食材や夜カフェを楽しみませんか。
浜山里の幸を、のどかなロケーションのなか、ゆっくり過ごすように、食す。
越前海岸まで車で20分の好立地を生かした新鮮な“浜めし”や田舎のおばちゃんが料理するなぜかホッとする“山めし”や“里めし”を、自然に恵まれた里山のなかで、食してくださいませ。"
300046,1,日本海さかな街,0770-24-3800,914-0125,敦賀市若葉町1丁目1531番地,136.049895,35.634573,10:00～17:30,"１月１日（土）、1月１２日（水）～１３日（木）、
２月９日（水）、３月９日（水）、
４月１３日（水）、５月１１日（水）～１２日（木）、
６月８日（水）、９月１４日（水）、１０月１２日（水）",http://www.sakanamachi.info/,敦賀港とその周辺でとれる新鮮な魚が買える「日本海さかな街」は、県内外から、連日多くのお客様が訪れています。
300047,1,氣比神宮,0770-22-0794,914-0075,敦賀市曙町11-68,136.074701,35.654959,6：00～17：00,無休,https://kehijingu.jp/,仲哀天皇ほか六座を祀り、「越前一の宮」「北陸道の総鎮守」とも称される古社です。佐渡ヶ島から漂着したムロで建立したと伝わる大鳥居は、木造としては、「広島・厳島神社」「奈良・春日大社」と並ぶ「日本三大木造大鳥居」のひとつで、国の重要文化財に指定されています。
300047,2,中道源蔵茶舗,0770-22-4507,914-0063,敦賀市神楽町1丁目1-8,136.072474,35.654368,10:00〜18:00,月曜,https://nakamichi-genzo.com/,"「日本茶を日常に届ける」

時に「茶の間」のような、
家族や友人との団らんの場所であったり、
時に「晴れの日」の
特別な記念日の場所であったり、
これからも中道源蔵茶舗はたくさんの人により添える場所でありたいと思います。"
300047,3,カグール,0770-20-0015,914-0063,敦賀市神楽町1丁目1-5,136.072876,35.654399,9:00～17:00,火曜,https://minato-tsuruga.jp/asoberukouen-kaguru/,"2021年6月 、氣比神宮前のビルの1階に遊べる公園「カグール」が多目的広場としてオープンしました。
　ここは訪れる人によって様々な使い方ができるように多目的なスペースになっています。"
300048,1,敦賀観光案内所,0770-21-8686,914-0055,敦賀市鉄輪町1丁目1番19号 敦賀駅交流施設［オルパーク］内,136.075958,35.645077,8:00～19:00,無休,https://www.turuga.org/,ＪＲ北陸本線の敦賀駅に隣接する、交流施設オルパークの中に設けられた新しい観光案内所です
300048,2,敦賀マンテンホテル駅前,0770-25-0100,914-0059,敦賀市国広町401-4,136.076927,35.646142,-,-,https://www.manten-hotel.com/tsuruga/,ＪＲ敦賀駅徒歩１分・男女別大浴場・シモンズ社製ベッド・個別ルームエアコン・温便座シャワートイレ・和定食と選べる小鉢バイキング ☆ 安心・快適・清潔空間をご提供いたします
300049,1,敦賀赤レンガ倉庫,0770-47-6612,914-0072,敦賀市金ケ崎町4-1,136.074187,35.661453,"ジオラマ館：9：30～17：30最終入館17：00）
レストラン館：9：30～22：00（各店舗によって営業時間は異なります）",水曜日（祝日の場合その翌日）、年末年始,https://tsuruga-akarenga.jp/,"天然の良港、敦賀港は、わが国の表玄関として古くから栄えてきました。潮の香りが漂う岸壁の近くには古い倉庫が並び、港町独特の風情を醸し出しています。県道敦賀港線沿いの本港の東側に、明治期に外国人技師の設計によって建てられたレンガ倉庫があり、石油貯蔵庫や昆布貯蔵庫として使用されていました。また、県道を挟み、西側には鉄筋平屋建の倉庫などが立ち並び、敦賀港の繁栄ぶりを今に伝えています。
平成27年10月14日にリニューアルオープンし、この敦賀の赤レンガの北棟が鉄道と港の『ジオラマ館』、南館が赤レンガ空間を楽しみながら食事ができる『レストラン館』として、生まれ変わりました。"
300049,2,金ヶ崎宮,0770-22-0938,914-0072,敦賀市金ヶ崎町1-4,136.074058,35.666018,-,-,http://www.turuga.org/places/shiroato/shiroato.html,後醍醐天皇の皇子を守って新田義貞が足利軍と戦った地で、戦国時代には、織田信長の越前朝倉攻めの折、窮地を救った豊臣秀吉の殿（しんがり）の地として知られ、国の史跡に指定されています。
300049,3,人道の港敦賀ムゼウム,0770-37-1035,914-0072,敦賀市金ケ崎町23-1,136.072832,35.66353937,9:00～17:00,水曜日（祝日の場合はその翌日）、年末年始,https://tsuruga-museum.jp,"【2020年11月3日リニューアルオープン】

敦賀港は、明治から昭和初期にかけて、ヨーロッパとの交通の拠点としての役割を担い、1920年代にポーランド孤児、1940年代に「命のビザ」を携えたユダヤ難民が上陸した日本で唯一の港です。
資料館「人道の港敦賀ムゼウム」では、数々の苦難を乗り越えて敦賀に降り立ったポーランド孤児とユダヤ難民の史実を中心に、当時の敦賀市民の証言やエピソードのほか、今も続く関係者との心温まる交流を紹介し、命の大切さと平和の尊さを発信しています。

2020年11月3日リニューアルオープンの新たなムゼウムでは、大正から昭和初期にかけて敦賀港に実際にあった建物４棟（※）を復元した外観となっており、館内には、人道の港の歴史を紹介するシアターやアニメーションを利用した展示などを設けています。

※復元した建物４棟…国際航路で荷揚げされた荷物の検査を行う「税関旅具検査所」、欧亜国際連絡列車が運行した「敦賀港駅」、港の荷捌きなどを行っていた「大和田回漕部」、ウラジオストク間の定期航路を運航した「ロシア義勇艦隊事務所」"
300049,4,金ヶ崎緑地休憩所,0770-47-5738,914-0072,福井県敦賀市金ケ崎町44-1,136.064667,35.666733,9:00～17:00,年末年始（12月29日から1月3日）,https://www.city.tsuruga.lg.jp/about_city/cityhall-facility/shiyakusho_shisetsu/gaibushisetsu/kanegasakiryokuti.html,入館料は無料で、飲食も可能。 暖房もかかっていますので快適に利用できます。
300049,5,敦賀鉄道資料館（旧敦賀港駅舎）,0770-21-0056,914-0079,敦賀市港町1-25,136.0728077,35.6607879,9：00～17：00,毎週水曜日(祝日の場合は翌平日）、年末年始,http://www.turuga.org/places/minatoeki/minatoeki.html,とんがり屋根が印象的な旧敦賀港駅舎。「欧亜国際連絡列車」の発着駅としてかつて重要な位置を占めていた敦賀港駅舎を1999年の「つるがきらめきみなと博２１」開催時に再現したものです。敦賀は古くから大陸への玄関口として栄え、近代に入ると日本海側で最初に鉄道が走るなど、港と鉄道の街として発展してきました。時代背景を交えながら敦賀の鉄道に関する歴史を紹介し、鉄道資料や列車模型などを展示しています。
300050,1,敦賀市立博物館,0770-25-7033,914-0062,敦賀市相生町7-8,136.06875,35.656539,10：00～17：00,毎週月曜日・休日の翌日・年末年始,https://www.city.tsuruga.lg.jp/about_city/news_from_facility/gaibu_shisetsu/hakubutsukan/museum.html,建物は昭和２年に郷土の偉人・大和田荘七が建てた旧大和田銀行本店です。国の重要文化財に指定されており、当時の敦賀港の繁栄を象徴する豪華なつくりで、北陸で最初のエレベーターや大理石のカウンター、見上げるほどの大金庫など建物そのものも見所満載です。
300050,2,キトテノワ,0770-21-0220,914-0062,敦賀市相生町１４−２９,136.068039,35.656219,11:00～17:00,月、火,http://kitotenowa.com/,古い街並みが今も残る、敦賀市相生町の町屋カフェ。高い天井に大きな窓で開放感たっぷり。2階からのんびり街並みを眺めることもできる。人気メニューは農家から直接仕入れた野菜をたっぷり使った栄養満点のランチ。厳選した素材選びはカフェメニューも同じで、おススメのワッフルには天然酵母を使用。
300050,3,敦賀ヨーロッパ軒本店,0770-22-1468,914-0062,敦賀市相生町２−７,136.070163,35.656081,11:00～13:40、16:30～19:30,月、火,http://yo-roppaken.gourmet.coocan.jp/,カジュアルで庶民的な雰囲気の店内には小上がり席も完備。名物のソースカツ丼の他、ミンチカツ丼やとんかつランチも提供する。
300051,1,道の駅「若狭おばま」,0770-56-3000,917-0024,小浜市和久里24-45-2,135.763087,35.491972,9：00～18：00　＊季節により異なる,,http://obamakankokyoku.com/,小浜市初となる道の駅「若狭おばま」は小浜市の玄関口として、観光やイベント等の様々な地域情報を発信すると共に観光客の皆さまを市内へと案内し、地場産農林水産物や市内特産品、地場産食材を召し上がっていただき、小浜市全体の産業の振興を図ることも目的としております。
300052,1,小浜町家ステイ（宿7軒）,0770-56-3366,-,-,35.492373,135.736746,-,-,https://www.obama-machiya-stay.com/,"福井県小浜市の重要伝統的建造物群保存地区を中心に古くから残る古民家をリノベーションし、
若狭・小浜の歴史ある町並み　一棟貸しの古民家宿
「小浜町家ステイ」を展開しています。"
300053,1,若狭フィッシャーマンズワーフ,0770-52-3111,917-0081,小浜市川崎1丁目3-2,135.740114,35.500243,"4月～11月　8:30～17:00
12月～3月　9:00～17:00",無休,http://www.wakasa-fishermans.com/,"若狭フィッシャーマンズ・ワーフでは、日本海が誇る奇岩の名勝「蘇洞門（そとも）」をめぐるクルージングを楽しめるほか、海を眺めながら食事を堪能できるレストランや、若狭の土産が手に入るお土産コーナーがあります。
また、鮮度抜群の握り寿司や刺身定食などが味わえる食事処「海幸苑」や、食事＆テイクアウトの「とれとれ寿司」（朝から営業するので朝食に利用も可能）、冬期限定で、若狭牡蠣（わかさがき）を蒸し牡蠣、焼き牡蠣で味わう牡蠣小屋も営業しています。"
300054,1,御食国若狭おばま食文化館,0770-53-1000,917-0081,小浜市川崎3丁目4,135.737724,35.501375,"9：00～18：00（11月～2月は9:00～17:00）
足湯は冬期間（12月～4月上旬）閉鎖いたします。",毎週水曜日（祝日は開館）、年末年始　※温浴施設は毎月第3水曜日とメンテナンス日,http://www1.city.obama.fukui.jp/obm/mermaid/,"御食国若狭おばま食文化館には、食にまつわる歴史・文化や
伝承料理などを展示する「ミュージアム」、
郷土料理などを作り味わう「キッチンスタジオ」、
若狭塗箸など伝統工芸体験ができる
「若狭工房」、癒しを提供する「濱の湯」があり、
若狭おばまの魅力を満喫できます。"
300054,2,お食事処 御食国若狭おばま 濱の四季,0770-53-0141,917-0081,福井県小浜市川崎3丁目5番,135.737182,35.500901,"平日・土日祝　　11:00～14:30
(ラストオーダー：閉店の30分前)","毎週水曜日(祝祭日の場合は営業)
年末年始(不定休)",http://www1.city.obama.fukui.jp/obm/mermaid/hamanoshiki/,濱の四季はそれぞれの季節に、若狭おばまだからこそ味わえる品々を心を込めてご用意しております。
300054,3,御食国若狭おばま 濱の湯（施設内）,0770-53-4126,917-0081,福井県小浜市川崎3-4,135.736701,35.500852,10:00～23:00,第3水曜日,https://hamanoyu.biz/,美しい小浜湾の眺望を見晴らす、『濱の湯』。館内では、『海草（あまも）風呂』、『美人の湯』､『漢方薬草風呂』､『竹炭水風呂』という小浜ゆかりの4つの湯めぐりが楽しめます。
300055,1,福井県立若狭歴史博物館,0770-56-0525,917-0241,小浜市遠敷2丁目104,135.7850016,35.4841384,9：00～17：00（入館は16:30まで）,原則第2・4月曜日・館指定日・年末年始(12月29日～1月2日)　展示替えや点検等のための臨時休館日,http://wakahaku.pref.fukui.lg.jp/,若狭地方の豊かな歴史や民族文化をわかりやすく紹介しています。この地域のガイダンス拠点として、各地見学のための基礎情報が得られます。
300056,1,小浜市まちの駅,0770-52-2000,917-0069,小浜市小浜白鬚111番1,135.7415527,35.4953026,"■観光情報提供・休憩施設・屋外広場
　　9：00～20：00（冬季18：00まで）　　　　　　　　
■特産品販売・フードコート
　　11：00～19：30（冬季17：30まで）
■レンタサイクル　
　　9:00～17:00（最終受付16:00）",火曜日・年末年始(12月29日～1月3日),http://www.obama-machinoeki.net/index.php,"平成２８年５月１日（日）に「小浜市まちの駅」がオープンしました。福井県内で唯一現存する明治期の芝居小屋「旭座」を移築復原。観光案内・物販、休憩施設等と併せ、小浜西組重伝建地区へのまち歩き観光拠点になります。
落語を含めた様々なイベントが定期的に実施されています。"
300056,2,小浜市鯖街道ミュージアム,0770-64-6034,917-0084,福井県小浜市小浜広峰１７−１,135.742489,35.495493,午前9時から午後5時,毎週火曜、12月29日～1月3日,https://www1.city.obama.fukui.jp/kanko-bunka/kanko/meshoto/77.html,令和2年3月8日オープン。日本遺産に認定された「鯖街道」をはじめ、鯖街道と深い関わりのある、もう一つの日本遺産「北前船寄港地・船主集落」を含めた小浜市の文化財や祭礼等を紹介する日本遺産ガイダンス施設です
300057,1,明通寺,0770-57-1355,917-0237,小浜市門前5-21,135.804448,35.453566,9時～17時（16時30分最終受付）※12月～2月は16:30まで,無休,http://myotsuji.jimdo.com/,うっそうと繁った杉木立に囲まれて、ひっそりと木洩れ日を浴びながら、しかも威風堂々としてたたずむ国宝の本堂と三重塔をもつ明通寺。JR東小浜駅から５km離れた、松永川の上流、カジカの声がする幽谷にあり、藤原時代の仏像4体は、重要文化財に指定されています。
300058,1,箸のふるさと館WAKASA,0770-52-1733,917-0001,福井県小浜市福谷8-1-3,135.751469,35.522329,"平日　9：00～17：00
日曜・祝日　9：00～16：00","年末・年始・木曜日
※木曜日が祝日の場合と8月4日、8月13日～16日は開館しています。",https://wakasa-hashi.com/,小浜は日本一の箸の生産地です。ふるさと館では3千種類の箸の展示販売をしています。ギネス認定の世界最大の箸の展示もしています。箸作りの体験コーナーもあります。
300059,1,レインボーライン,0770-45-2678,919-1301,若狭町気山18-2-2,135.872599,35.60277,"【有料道路通行可能時間】5月～7月20日、9月　7:30～18：30、10～4月　8:00～18:00、7月21日～8月31日　7：00～19：00
【山頂公園営業時間】9：00～17：00（8/1～8/31の平日9：00～17：30、8/1～8/31の土日祝・お盆期間9：00～18：00、12/1～2/28　9：00～16：30、１/1　6：30～16：30）
5/1～9/20　7:30～18:30、7/21～8/31 7:00～19:00、4/1～4/30・10/1～3/31 8:00～18:00
【山頂公園営業時間】
4/1～7/20・9/1～11/30・3/1～3/31　9:00～17:00、7/20～8/31 9:00～18:00
※コロナ感染症拡大防止のため、7/21～7/31 9:00～17:00
　今後の営業時間も、その都度HPで発表
12/1～12/31・1/2,3 9:00～16:30、1/4～2/28　9:00～16:00、1/1 6:30～16:30
※走行時間を考え、30分前より入門できなくなります。",年中無休,http://www.mikatagoko.com/,美浜・若狭町にかけてひろがる、11.24㎞の有料道路です。第一駐車場からリフト・ケーブルカーで上った先にある山頂公園は、名勝三方五湖・若狭湾が一望できる360°パノラマビュー！足湯やソファーテラスなどの5つのテラスからの眺望は、まさに絶景！お好きな特製ランチボックスやスイーツと一緒にお楽しみください。
300060,1,若狭海遊バザール 千鳥苑,0770-38-1011,919-1208,美浜町坂尻43-3-1,135.9681017,35.621883,10:00～16:00,"年末年始
",https://www.heshiko.com/,"海の風、海の音、そして潮の香り。宿のすぐ後ろに広がる菅浜のオーシャンビューを眺めながら、ゆったりのんびりプライスレスな時間を過ごしませんか？日頃の疲れを癒し、心穏やかになれる場所。ここでしか味わえない若狭美浜の新鮮な食材を使ったお料理の数々もお楽しみください。
若狭の海が目の前に広がる、絶景の若狭海遊バザール千鳥苑が海の駅としてリニューアルしました。食事処、みやげコーナーの他、若狭地域の魅力を伝える観光案内所、あし湯も備えます。若狭湾を見ながら、季節・天候を問わずバーベキューを楽しめる「海鮮千鳥」も併設。
"
300060,2,たなべ旅館,0770-38-1432,919-1203,福井県三方郡美浜町菅浜110-48-1,135.975808,35.653186,-,-,https://www.tanaberyokan.com/,
300061,1,道の駅「五湖の駅」,0770-32-3339,919-1123,三方郡美浜町久々子72-1,135.927699,35.602293,"平日　 　9:30～17:00
土日祝 　9:30～17:30","夏季以外は火曜定休
年末年始",https://www.gokonoeki.jp/,「へしこ」をはじめとする地元特産品などのお土産を多数取り揃えています。また、名物「へしこ」のお茶漬けやおにぎりをお召し上がりいただけます。
300061,2,若狭美浜HAMABERRY ～いちごの郷みはま～,0770-47-6099,919-1141,福井県三方郡美浜町郷市14-11,135.936368,35.603731,9:00~17:00,月曜,https://hamaberry.com/,美浜駅から徒歩2～3分。約8000平方メートルの敷地に、ガラス張りの観光農園1棟、ビニールハウス4棟、育苗施設2棟がある。2020年度に着工して21年10月末に完成させていた。イチゴは、甘みが特徴の「かおり野」や酸味と甘みがある「紅ほっぺ」など7品種で、計約2万株植えている。施設入り口には、巨大なイチゴのモニュメントを設置しており、記念撮影ができる
300062,1,道の駅「若狭熊川宿」,0770-62-9111,919-1532,若狭町熊川11-1-1,135.906112,35.440661,"【3月～11月】売店9:00～18:00　食堂9:00～16:00
【12月～2月】売店9:30～17:30　食堂9:30～16:00",3月・6月・9月・12月の第2木曜日、年末年始,http://kumagawajuku.jp/,熊川宿の入口に位置し、町の景観に溶け込むような白壁の土蔵造の建物が目印の道の駅若狭熊川宿。トイレ・休憩所・食事処などを備えていますので、ドライブ途中の休憩に利用ください。
300062,2,八百熊川,0770-62-1777,919-1532,福井県三方上中郡若狭町熊川 30-6-1,135.900905,35.443406,9:00~17:00,日、祝,https://yao-kumagawa.com/,"熊川宿は京と若狭をつなぐ山あいの宿場町です。
多くの旅人がからだを休めてきた宿場町にはゆったりした時間が流れています。

八百熊川やおくまがわはここ熊川宿で、古民家を活かしたお宿と、
自然のめぐみをお届けするオンラインストアを運営しています。
お宿ではこころもからだも休まる古民家ならではのお部屋づくりに、
オンラインストアでは山、里、海、湖のめぐみを活かす手仕事にこだわっています。

八百熊川という名前には、
八百万の神がつくる地域の恵みを感じてほしいという想いと、
熊川宿周辺のすべてを楽しんでいただきたいという想いをこめました。

そんな想いを通じ、日々の暮らしが豊かになるような、
みなさまと熊川宿のささやかなつながりをつくることができればと願っています。"
300062,3,まる志ん,0770-62-0221,919-1532,福井県三方上中郡若狭町熊川39-11-1,135.901308,35.443566,午前10:00～午後4:00　　都合により変更の場合もあります。,毎週水曜日　 但し臨時休業をする場合もあります。（年始とお盆）,http://www.eonet.ne.jp/~marushin/,"熊川宿の中心にある「まる志ん」。　葛もち、葛きり、葛まんじゅうなどの葛にこだわった専門店。
また、国産の生サバのみで仕込む、自家製の鯖寿し専門店としても有名。"
300063,1,道の駅「三方五湖」,0770-45-0113,919-1331,若狭町鳥浜122-31-1,135.8942762,35.5600831,9:00～18:00,第1火曜日（祝日の場合は翌日） 、年末年始 　※7月～8月無休,http://www.wakasa-mikatagoko.jp/search/entry/michinoeki-mikatagoko.html,景勝地「三方五湖」に面し、テラスから臨む四季おりおりの眺めや飛来する野鳥が心を落ち着かせる。日本海側最大の梅の産地であることから直売所には梅加工品が数多く取揃い、旬の時期には店内にいい香りが漂う。レンタサイクルも完備し、天気の良い日にはサイクリングの発着点として利用されている。観光案内所では観光施設や宿泊案内を、野鳥観察棟ではラムサール条約登録の湿地や野鳥のきめ細かい情報を提供している。
300063,2,湖上館パムコ,0770-47-5344,919-1461,福井県三方上中郡若狭町海山６４−９−１,135.863736,35.588041,9:00～18:00,無休,https://www.pamco-net.com/,"福井県の南にある若狭町。日本海、三方五湖、常神半島と、四方を自然に囲まれたこの町に「湖上館PAMCO（パムコ）」はあります。旅館でもなければ、ホテルでも民宿でもペンションでもないノーボーダーな宿。
「PAMCO」とは「Passionate Movement for Communication」"
300063,3,福井県年縞博物館,0770-45-0456,919-1331,若狭町鳥浜122-12-1,135.8963466,35.5587569,9:00～17:00（入館は16:30まで）,毎週火曜日、年末年始（12月29日～1月2日）,http://varve-museum.pref.fukui.lg.jp/,名勝三方五湖の一つ、水月湖の底には過去7万年分の堆積物が縞模様を形成している。この縞々「年縞（ねんこう）」は、年代測定の世界標準のものさしとして認められています。館内では、世界一の長さを誇る7万年・45mの年縞をステンドグラスとして展示。お食事ができるカフェも併設しています。
300063,4,若狭三方縄文博物館,0770-45-2270,919-1331,福井県三方上中郡若狭町鳥浜１２２−１２−１,135.8963738,35.5587605,9:00～17:00（入館は16:30まで）,毎週火曜日(祝日等の場合はその翌日) ／ 年末年始／燻蒸による臨時休館,http://www.town.fukui-wakasa.lg.jp/jomon/,若狭町の鳥浜貝塚から出土した遺物を中心に、縄文文化をテーマにした博物館。土偶のお腹をイメージした建物の中には、縄文遺跡から出土した丸木舟や縄文土器、石器、木製品、種子、骨などが展示されています。竪穴式住居が再現されている縄文広場などの憩いの場もあります。
300064,1,道の駅「うみんぴあ大飯」,0770-77-4600,919-2107,おおい町成海1-1-2,135.6280874,35.481815,"9:00～18:00
軽食コーナー　10:00～15:00
ジェラート工房　9:00～17:00",第1・3月曜日（祝日の場合は翌日）,http://michinoeki-ohi.com/,海のみえるフードコート、観光案内所、産地直送の野菜やおおい町の特産、加工品などが数多く並び観光相談、休憩やお食事、お土産選びに最適。地元の食材を使った海鮮丼やジェラートが人気。
300064,2,福井県こども家族館,0770-77-3211,919-2107,福井県大飯郡おおい町成海１−１−１,135.6281724,35.4819127,9:30～17:00　（夏休み期間中　7/21～8/31　9:30～18:00）,月曜日（祝日を除く）、祝日の翌日（土日祝日を除く）、年末年始　（夏休み期間中は無休）,http://www.kodomokazokukan.jp/,ものづくりやクッキングが体験できる工房ゾーン、大型帆船での冒険や日本最大級のボールプールが楽しめるあそび探検ゾーン、乳幼児連れの親子が安心して遊びくつろげる交流ゾーン、子どもたちを家族館の世界へと導くエントランスゾーンなど、遊び・学び・体験が盛りだくさんの体験型児童館です。
300064,3,シーシーパーク,,,,,,,,,
300064,4,エルガイアおおい,0770-77-2144,919-2107,福井県大飯郡おおい町成海１−２,135.629621,35.480146,9:00～17:00,月曜日（祝日の場合は翌平日）、年末年始（12月29日～1月3日）,http://www1.kepco.co.jp/pr/elgaia/,"「遊び、学び、発見！　エネルギーの未来と地球の未来」 
世界最大級のバーチャル映像シアターや、松本零士さん監修の宇宙発電所アトラクション、そしてエネルギーのいまを紹介するパネル展示。
3ゾーンを通じて、楽しみながら学び、考え、発見できるミュージアムです。"
300064,5,ホテルうみんぴあ,0770-77-3700,919-2107,福井県大飯郡おおい町成海１−８,135.6317081,35.4815826,チェックイン：15:00～　チェックアウト：～10:00,年に2回のメンテナンス休館日あり,https://hotel-uminpia.jp,小浜湾を目前にしたロケーションが魅力の観光リゾート施設『HOTEL うみんぴあ』。全室オーシャンビューの客室でご家族そろって、心やすらぐひとときを楽しみませんか。
300064,6,シーサイドスパ おおいの湯,0770-77-2320,919-2107,福井県大飯郡おおい町成海１−８,135.6317081,35.4815826,営業時間　11：00～21：00（最終受付時間20：30）　　　　　　　　　　　　　　　　　　　　　　　　　　　　　プールご利用時間　火/木/日　11：00～19：00　　水/金/土　11：00～20：30,毎週月曜日　※但し祝日の場合は営業となり、翌日が休館日となります。,http://uminpia.com,プールとお風呂、サウナが楽しめる、健康増進、エクササイズとリラクゼーションスパ。
300065,1,きのこの森,0770-78-1713,919-2123,おおい町鹿野42-27,135.56527,35.453039,9:30～17:00（最終入園は16：30）,月曜日（祝日の場合は翌日）、年末年始,http://www.wakasa-ohi.co.jp/kinoko_01.htm,"特産品のきのこをモチーフにしたテーマパーク。シンボルのきのこタワーは高さ30ｍの展望台をシースルーエレベーターで一気に上昇、爽やかな風と自然豊かな眺望が楽しめます。
広々とした芝生広場、全長460mのビッグスライダーや人工芝のソリ用ゲレンデなど子供が大満足の遊具が充実しています。
また、きのこものしり館では世界の珍しいキノコの展示や特産のしいたけ栽培の様子が見学できます。この他、陶芸館では陶芸体験、きのこロードではキノコ観察や自然散策も楽しめます。"
300065,2,くだものがかり,080-2958-6695,919-2124,福井県大飯郡おおい町小車田16−２６,135.565822,35.451664,9:30～16:00（受付はPM15：00まで）,"毎週月曜日
第1，3金曜日
（定休日が祝日の場合、翌日がお休みとなります）
年末年始
1月2月は不定休となりますHPで都度ご確認下さい。
いちごの生りで急遽休園する場合もあります。",http://kudamonogakari.jp/strawberry/,福井県大飯郡にある、いちご狩り体験・もも狩り体験ができる農園です。 駐車場から園内までバリアフリーの為、ベビーカーや車いすでの移動もらくらくです！
300066,1,道の駅「名田庄」,0770-67-2255,917-0375,おおい町名田庄納田終109-4-1,135.584252,35.394641,"4～11月 9:00～18:30
12～2月 10:00～17:30
3月 9:00～18:00","4～11月 第1・3・5水曜日
12～3月 毎週水曜日,年末年始",http://www.natasho.co.jp/michinoeki/,道の駅グランプリ2000でデザイン賞を受賞。物産館には地元や近隣の特産品が並びます。名田庄特産の自然薯を使った、ここでしか食べられない自然薯ジェラートをぜひご賞味ください。
300066,2,おおい町暦会館,0770-67-2876,917-0375,福井県大飯郡おおい町名田庄納田終１１１−７,135.585343,35.395336,9:00～16:00,水曜日、年末年始,https://ooi-koyomi.info/,校倉造りの暦会館は、他では見られない昔の天文器具や古い時代の暦など、暦に関する資料がいっぱいのユニークな資料館。日本の天文暦学の祖安倍晴明の子孫が応仁の戦禍を逃れ、この地に移り住んだことにちなんで建てられました。
300066,3,町営ホテル流星館,0770-67-3000,917-0375,福井県大飯郡おおい町名田庄納田終１０９−６−１,135.584691,35.395062,-,-,http://www.natasho.co.jp/ryuseikan/,山の自然と美しい星空を満喫できるホテル。 スポーツ施設やバーベキューなどの設備も充実し身も心もリフレッシュできます。
300067,1,赤礁崎オートキャンプ場,0770-77-2800,919-2101,おおい町大島21-95,135.66513,35.532753,（ログハウス・ケビン）14:00～翌日10:00、（その他宿泊）13:00～翌日11:00、（日帰り）10:00～14:00,冬季休業12月中旬～3月中旬,http://www.wakasa-ohi.co.jp/,美しい”若狭湾”を目の前に、潮騒の音に目覚め、星空の下で楽しいバーベキューを満喫できるキャンプ場です。ゆったりとったオートキャンプ場は80区画。別荘気分が味わえる2階建てのログハウスが10棟、ケビンが14棟、炊事場、シャワー、水洗トイレ、コインランドリーなどを完備したサニタリー棟も8ヘクタールのサイト内に4ヶ所設けています。
300068,1,道の駅「シーサイド高浜」,0770-72-6666,919-2205,高浜町下車持46-10,135.595498,35.489068,"物産館　10：00～18：00
レストラン　10：00～18：00（ラストオーダー17：30）",物産館：年中無休（但し、メンテナンス日有り）,https://peraichi.com/landing_pages/view/michinoeki-seasidetakahama,"【物産コーナー】
高浜町や福井県のおみやげ品をはじめ、水産加工品などの特産品や産直野菜なども取り揃えています。
鯖のへしこ・羽二重餅・源六餅・小鯛ささ漬け・焼鯖寿司・杜仲茶・梅干し・若狭漬け・味噌・千成屋醤油・自然薯そば・産直野菜・水産加工品など様々なおみやげ品が揃います。

【レストラン】
麺とスープにこだわったラーメンを中心に、お子様からご年配のお客様まで幅広いニーズに沿ったメニューをご用意しております。

【情報コーナー＆休憩所】
24時間開放併設のトイレともに24時間ご利用いただけます。休憩施設内wi-fi使用可。

【温浴施設「湯っぷる」】
道の駅「シーサイド高浜」内にある温浴施設"
300069,1,健康長寿の里　青葉山ハーバルビレッジ,0770-50-9012,919-2371,高浜町中山2-4,135.4986444,35.4977881,"10:00 ～ 17:00（駐車場は8:30～利用可）
（カフェ：Lo 16：30　冬季はLo 15：30
　季節によって営業時間が変わる場合があります。）","毎週水曜定休（祝日の場合は翌日）
（冬季は火曜日も定休日となります。）
年末年始（12/27 ～ 1/4）
カフェ・ショップは季節によって営業時間が変わります。
冬期は積雪による臨時休業の場合がございます。",http://www.herbal-village.jp/,"「薬草の宝庫」である青葉山の麓にあるハーバルビレッジは、 薬草に特化した「食」や、薬草茶づくり体験など、おいしい空気と薬草で楽しみながら健康になれる場所です。
"
300070,1,UMIKARA,0770-72-3528,919-2228,高浜町塩⼟5-1,135.546931,35.493141,9:00～20:00,無休,https://umikara.co.jp/,"漁港と隣接した立地条件を存分に生かし、毎日、水揚げされた新鮮な魚介をお客様に提供します。
魚介を使ったお惣菜、加工品などもバラエティ豊かに取り扱い、毎日のお買い物から旅行のおみやげ選びまで。
魚とともに歩みはじめるUMIKARAに、どうぞご期待ください。"
300070,2,パピィフルーツパーク,0770-50-7729,919-2352,福井県大飯郡高浜町鎌倉,135.453808,35.521568,9:00～15:00,無休,http://pappyfruitspark.com/,パピィフルーツパークでは、高設栽培でいちごを栽培しています。山の上で栽培しているので、寒暖の差があり、非常にゆっくりいちごが熟していきます。ゆっくり熟すことで、長い間、樹についているので甘味、うまみが非常に凝縮したいちごが生まれます。